--
-- PostgreSQL database dump
--

-- Dumped from database version 16.3 (Debian 16.3-1.pgdg120+1)
-- Dumped by pg_dump version 16.3 (Debian 16.3-1.pgdg120+1)

SET statement_timeout = 0;
SET lock_timeout = 0;
SET idle_in_transaction_session_timeout = 0;
SET client_encoding = 'UTF8';
SET standard_conforming_strings = on;
SELECT pg_catalog.set_config('search_path', '', false);
SET check_function_bodies = false;
SET xmloption = content;
SET client_min_messages = warning;
SET row_security = off;

SET default_tablespace = '';

SET default_table_access_method = heap;

--
-- Name: auth_group; Type: TABLE; Schema: public; Owner: postgres
--

CREATE TABLE public.auth_group (
    id integer NOT NULL,
    name character varying(150) NOT NULL
);


ALTER TABLE public.auth_group OWNER TO postgres;

--
-- Name: auth_group_id_seq; Type: SEQUENCE; Schema: public; Owner: postgres
--

ALTER TABLE public.auth_group ALTER COLUMN id ADD GENERATED BY DEFAULT AS IDENTITY (
    SEQUENCE NAME public.auth_group_id_seq
    START WITH 1
    INCREMENT BY 1
    NO MINVALUE
    NO MAXVALUE
    CACHE 1
);


--
-- Name: auth_group_permissions; Type: TABLE; Schema: public; Owner: postgres
--

CREATE TABLE public.auth_group_permissions (
    id bigint NOT NULL,
    group_id integer NOT NULL,
    permission_id integer NOT NULL
);


ALTER TABLE public.auth_group_permissions OWNER TO postgres;

--
-- Name: auth_group_permissions_id_seq; Type: SEQUENCE; Schema: public; Owner: postgres
--

ALTER TABLE public.auth_group_permissions ALTER COLUMN id ADD GENERATED BY DEFAULT AS IDENTITY (
    SEQUENCE NAME public.auth_group_permissions_id_seq
    START WITH 1
    INCREMENT BY 1
    NO MINVALUE
    NO MAXVALUE
    CACHE 1
);


--
-- Name: auth_permission; Type: TABLE; Schema: public; Owner: postgres
--

CREATE TABLE public.auth_permission (
    id integer NOT NULL,
    name character varying(255) NOT NULL,
    content_type_id integer NOT NULL,
    codename character varying(100) NOT NULL
);


ALTER TABLE public.auth_permission OWNER TO postgres;

--
-- Name: auth_permission_id_seq; Type: SEQUENCE; Schema: public; Owner: postgres
--

ALTER TABLE public.auth_permission ALTER COLUMN id ADD GENERATED BY DEFAULT AS IDENTITY (
    SEQUENCE NAME public.auth_permission_id_seq
    START WITH 1
    INCREMENT BY 1
    NO MINVALUE
    NO MAXVALUE
    CACHE 1
);


--
-- Name: django_admin_log; Type: TABLE; Schema: public; Owner: postgres
--

CREATE TABLE public.django_admin_log (
    id integer NOT NULL,
    action_time timestamp with time zone NOT NULL,
    object_id text,
    object_repr character varying(200) NOT NULL,
    action_flag smallint NOT NULL,
    change_message text NOT NULL,
    content_type_id integer,
    user_id bigint NOT NULL,
    CONSTRAINT django_admin_log_action_flag_check CHECK ((action_flag >= 0))
);


ALTER TABLE public.django_admin_log OWNER TO postgres;

--
-- Name: django_admin_log_id_seq; Type: SEQUENCE; Schema: public; Owner: postgres
--

ALTER TABLE public.django_admin_log ALTER COLUMN id ADD GENERATED BY DEFAULT AS IDENTITY (
    SEQUENCE NAME public.django_admin_log_id_seq
    START WITH 1
    INCREMENT BY 1
    NO MINVALUE
    NO MAXVALUE
    CACHE 1
);


--
-- Name: django_content_type; Type: TABLE; Schema: public; Owner: postgres
--

CREATE TABLE public.django_content_type (
    id integer NOT NULL,
    app_label character varying(100) NOT NULL,
    model character varying(100) NOT NULL
);


ALTER TABLE public.django_content_type OWNER TO postgres;

--
-- Name: django_content_type_id_seq; Type: SEQUENCE; Schema: public; Owner: postgres
--

ALTER TABLE public.django_content_type ALTER COLUMN id ADD GENERATED BY DEFAULT AS IDENTITY (
    SEQUENCE NAME public.django_content_type_id_seq
    START WITH 1
    INCREMENT BY 1
    NO MINVALUE
    NO MAXVALUE
    CACHE 1
);


--
-- Name: django_migrations; Type: TABLE; Schema: public; Owner: postgres
--

CREATE TABLE public.django_migrations (
    id bigint NOT NULL,
    app character varying(255) NOT NULL,
    name character varying(255) NOT NULL,
    applied timestamp with time zone NOT NULL
);


ALTER TABLE public.django_migrations OWNER TO postgres;

--
-- Name: django_migrations_id_seq; Type: SEQUENCE; Schema: public; Owner: postgres
--

ALTER TABLE public.django_migrations ALTER COLUMN id ADD GENERATED BY DEFAULT AS IDENTITY (
    SEQUENCE NAME public.django_migrations_id_seq
    START WITH 1
    INCREMENT BY 1
    NO MINVALUE
    NO MAXVALUE
    CACHE 1
);


--
-- Name: django_session; Type: TABLE; Schema: public; Owner: postgres
--

CREATE TABLE public.django_session (
    session_key character varying(40) NOT NULL,
    session_data text NOT NULL,
    expire_date timestamp with time zone NOT NULL
);


ALTER TABLE public.django_session OWNER TO postgres;

--
-- Name: store_attributename; Type: TABLE; Schema: public; Owner: postgres
--

CREATE TABLE public.store_attributename (
    id bigint NOT NULL,
    name character varying(255) NOT NULL
);


ALTER TABLE public.store_attributename OWNER TO postgres;

--
-- Name: store_attributename_id_seq; Type: SEQUENCE; Schema: public; Owner: postgres
--

ALTER TABLE public.store_attributename ALTER COLUMN id ADD GENERATED BY DEFAULT AS IDENTITY (
    SEQUENCE NAME public.store_attributename_id_seq
    START WITH 1
    INCREMENT BY 1
    NO MINVALUE
    NO MAXVALUE
    CACHE 1
);


--
-- Name: store_category; Type: TABLE; Schema: public; Owner: postgres
--

CREATE TABLE public.store_category (
    id bigint NOT NULL,
    name character varying(255) NOT NULL,
    description text NOT NULL,
    slug character varying(50) NOT NULL,
    image character varying(100),
    parent_id bigint,
    is_active boolean NOT NULL
);


ALTER TABLE public.store_category OWNER TO postgres;

--
-- Name: store_category_id_seq; Type: SEQUENCE; Schema: public; Owner: postgres
--

ALTER TABLE public.store_category ALTER COLUMN id ADD GENERATED BY DEFAULT AS IDENTITY (
    SEQUENCE NAME public.store_category_id_seq
    START WITH 1
    INCREMENT BY 1
    NO MINVALUE
    NO MAXVALUE
    CACHE 1
);


--
-- Name: store_customuser; Type: TABLE; Schema: public; Owner: postgres
--

CREATE TABLE public.store_customuser (
    id bigint NOT NULL,
    password character varying(128) NOT NULL,
    last_login timestamp with time zone,
    is_superuser boolean NOT NULL,
    username character varying(150) NOT NULL,
    first_name character varying(150) NOT NULL,
    last_name character varying(150) NOT NULL,
    email character varying(254) NOT NULL,
    is_staff boolean NOT NULL,
    is_active boolean NOT NULL,
    date_joined timestamp with time zone NOT NULL,
    user_type smallint,
    phone_number character varying(15) NOT NULL,
    CONSTRAINT store_customuser_user_type_aff68b9f_check CHECK ((user_type >= 0))
);


ALTER TABLE public.store_customuser OWNER TO postgres;

--
-- Name: store_customuser_groups; Type: TABLE; Schema: public; Owner: postgres
--

CREATE TABLE public.store_customuser_groups (
    id bigint NOT NULL,
    customuser_id bigint NOT NULL,
    group_id integer NOT NULL
);


ALTER TABLE public.store_customuser_groups OWNER TO postgres;

--
-- Name: store_customuser_groups_id_seq; Type: SEQUENCE; Schema: public; Owner: postgres
--

ALTER TABLE public.store_customuser_groups ALTER COLUMN id ADD GENERATED BY DEFAULT AS IDENTITY (
    SEQUENCE NAME public.store_customuser_groups_id_seq
    START WITH 1
    INCREMENT BY 1
    NO MINVALUE
    NO MAXVALUE
    CACHE 1
);


--
-- Name: store_customuser_id_seq; Type: SEQUENCE; Schema: public; Owner: postgres
--

ALTER TABLE public.store_customuser ALTER COLUMN id ADD GENERATED BY DEFAULT AS IDENTITY (
    SEQUENCE NAME public.store_customuser_id_seq
    START WITH 1
    INCREMENT BY 1
    NO MINVALUE
    NO MAXVALUE
    CACHE 1
);


--
-- Name: store_customuser_user_permissions; Type: TABLE; Schema: public; Owner: postgres
--

CREATE TABLE public.store_customuser_user_permissions (
    id bigint NOT NULL,
    customuser_id bigint NOT NULL,
    permission_id integer NOT NULL
);


ALTER TABLE public.store_customuser_user_permissions OWNER TO postgres;

--
-- Name: store_customuser_user_permissions_id_seq; Type: SEQUENCE; Schema: public; Owner: postgres
--

ALTER TABLE public.store_customuser_user_permissions ALTER COLUMN id ADD GENERATED BY DEFAULT AS IDENTITY (
    SEQUENCE NAME public.store_customuser_user_permissions_id_seq
    START WITH 1
    INCREMENT BY 1
    NO MINVALUE
    NO MAXVALUE
    CACHE 1
);


--
-- Name: store_distributor; Type: TABLE; Schema: public; Owner: postgres
--

CREATE TABLE public.store_distributor (
    id bigint NOT NULL,
    company_name character varying(255) NOT NULL,
    address text NOT NULL,
    created_at timestamp with time zone,
    updated_at timestamp with time zone,
    user_id bigint NOT NULL,
    is_active boolean NOT NULL
);


ALTER TABLE public.store_distributor OWNER TO postgres;

--
-- Name: store_distributor_id_seq; Type: SEQUENCE; Schema: public; Owner: postgres
--

ALTER TABLE public.store_distributor ALTER COLUMN id ADD GENERATED BY DEFAULT AS IDENTITY (
    SEQUENCE NAME public.store_distributor_id_seq
    START WITH 1
    INCREMENT BY 1
    NO MINVALUE
    NO MAXVALUE
    CACHE 1
);


--
-- Name: store_order; Type: TABLE; Schema: public; Owner: postgres
--

CREATE TABLE public.store_order (
    id bigint NOT NULL,
    status character varying(20) NOT NULL,
    total_price numeric(10,2) NOT NULL,
    created_at timestamp with time zone NOT NULL,
    updated_at timestamp with time zone NOT NULL,
    customer_id bigint NOT NULL
);


ALTER TABLE public.store_order OWNER TO postgres;

--
-- Name: store_order_id_seq; Type: SEQUENCE; Schema: public; Owner: postgres
--

ALTER TABLE public.store_order ALTER COLUMN id ADD GENERATED BY DEFAULT AS IDENTITY (
    SEQUENCE NAME public.store_order_id_seq
    START WITH 1
    INCREMENT BY 1
    NO MINVALUE
    NO MAXVALUE
    CACHE 1
);


--
-- Name: store_orderitem; Type: TABLE; Schema: public; Owner: postgres
--

CREATE TABLE public.store_orderitem (
    id bigint NOT NULL,
    quantity integer NOT NULL,
    price numeric(10,2) NOT NULL,
    order_id bigint NOT NULL,
    product_id bigint NOT NULL,
    CONSTRAINT store_orderitem_quantity_check CHECK ((quantity >= 0))
);


ALTER TABLE public.store_orderitem OWNER TO postgres;

--
-- Name: store_orderitem_id_seq; Type: SEQUENCE; Schema: public; Owner: postgres
--

ALTER TABLE public.store_orderitem ALTER COLUMN id ADD GENERATED BY DEFAULT AS IDENTITY (
    SEQUENCE NAME public.store_orderitem_id_seq
    START WITH 1
    INCREMENT BY 1
    NO MINVALUE
    NO MAXVALUE
    CACHE 1
);


--
-- Name: store_product; Type: TABLE; Schema: public; Owner: postgres
--

CREATE TABLE public.store_product (
    id bigint NOT NULL,
    name character varying(255) NOT NULL,
    description text NOT NULL,
    price numeric(10,2) NOT NULL,
    sku character varying(50) NOT NULL,
    stock integer NOT NULL,
    image character varying(100),
    created_at timestamp with time zone,
    updated_at timestamp with time zone,
    category_id bigint,
    distributor_id bigint NOT NULL,
    brand character varying(100) NOT NULL,
    slug character varying NOT NULL,
    is_active boolean NOT NULL,
    CONSTRAINT store_product_stock_check CHECK ((stock >= 0))
);


ALTER TABLE public.store_product OWNER TO postgres;

--
-- Name: store_product_id_seq; Type: SEQUENCE; Schema: public; Owner: postgres
--

ALTER TABLE public.store_product ALTER COLUMN id ADD GENERATED BY DEFAULT AS IDENTITY (
    SEQUENCE NAME public.store_product_id_seq
    START WITH 1
    INCREMENT BY 1
    NO MINVALUE
    NO MAXVALUE
    CACHE 1
);


--
-- Name: store_productattribute; Type: TABLE; Schema: public; Owner: postgres
--

CREATE TABLE public.store_productattribute (
    id bigint NOT NULL,
    value character varying(255) NOT NULL,
    product_id bigint NOT NULL,
    attribute_id bigint NOT NULL
);


ALTER TABLE public.store_productattribute OWNER TO postgres;

--
-- Name: store_productattribute_id_seq; Type: SEQUENCE; Schema: public; Owner: postgres
--

ALTER TABLE public.store_productattribute ALTER COLUMN id ADD GENERATED BY DEFAULT AS IDENTITY (
    SEQUENCE NAME public.store_productattribute_id_seq
    START WITH 1
    INCREMENT BY 1
    NO MINVALUE
    NO MAXVALUE
    CACHE 1
);


--
-- Data for Name: auth_group; Type: TABLE DATA; Schema: public; Owner: postgres
--

COPY public.auth_group (id, name) FROM stdin;
\.


--
-- Data for Name: auth_group_permissions; Type: TABLE DATA; Schema: public; Owner: postgres
--

COPY public.auth_group_permissions (id, group_id, permission_id) FROM stdin;
\.


--
-- Data for Name: auth_permission; Type: TABLE DATA; Schema: public; Owner: postgres
--

COPY public.auth_permission (id, name, content_type_id, codename) FROM stdin;
1	Can add log entry	1	add_logentry
2	Can change log entry	1	change_logentry
3	Can delete log entry	1	delete_logentry
4	Can view log entry	1	view_logentry
5	Can add permission	2	add_permission
6	Can change permission	2	change_permission
7	Can delete permission	2	delete_permission
8	Can view permission	2	view_permission
9	Can add group	3	add_group
10	Can change group	3	change_group
11	Can delete group	3	delete_group
12	Can view group	3	view_group
13	Can add content type	4	add_contenttype
14	Can change content type	4	change_contenttype
15	Can delete content type	4	delete_contenttype
16	Can view content type	4	view_contenttype
17	Can add session	5	add_session
18	Can change session	5	change_session
19	Can delete session	5	delete_session
20	Can view session	5	view_session
21	Can add category	6	add_category
22	Can change category	6	change_category
23	Can delete category	6	delete_category
24	Can view category	6	view_category
25	Can add user	7	add_customuser
26	Can change user	7	change_customuser
27	Can delete user	7	delete_customuser
28	Can view user	7	view_customuser
29	Can add distributor	8	add_distributor
30	Can change distributor	8	change_distributor
31	Can delete distributor	8	delete_distributor
32	Can view distributor	8	view_distributor
33	Can add product	9	add_product
34	Can change product	9	change_product
35	Can delete product	9	delete_product
36	Can view product	9	view_product
37	Can add order	10	add_order
38	Can change order	10	change_order
39	Can delete order	10	delete_order
40	Can view order	10	view_order
41	Can add order item	11	add_orderitem
42	Can change order item	11	change_orderitem
43	Can delete order item	11	delete_orderitem
44	Can view order item	11	view_orderitem
45	Can add product attribute	12	add_productattribute
46	Can change product attribute	12	change_productattribute
47	Can delete product attribute	12	delete_productattribute
48	Can view product attribute	12	view_productattribute
49	Can add attribute name	13	add_attributename
50	Can change attribute name	13	change_attributename
51	Can delete attribute name	13	delete_attributename
52	Can view attribute name	13	view_attributename
\.


--
-- Data for Name: django_admin_log; Type: TABLE DATA; Schema: public; Owner: postgres
--

COPY public.django_admin_log (id, action_time, object_id, object_repr, action_flag, change_message, content_type_id, user_id) FROM stdin;
1	2024-08-22 08:23:44.795289+00	5	username4	1	[{"added": {}}]	7	4
2	2024-08-22 08:24:41.150648+00	2	Distribuidor Ejemplo	2	[{"changed": {"fields": ["user", "Phone number"]}}]	8	4
3	2024-08-27 00:15:04.161926+00	5	username4	2	[{"changed": {"fields": ["company_name"]}}]	7	4
4	2024-08-27 00:15:33.054994+00	2	Distribuidor Ejemplo	2	[{"changed": {"fields": ["Address"]}}]	8	4
5	2024-08-27 00:19:34.025983+00	1	cliente	2	[{"changed": {"fields": ["password"]}}]	7	4
6	2024-08-27 00:29:08.275153+00	1	cliente	2	[{"changed": {"fields": ["Staff status"]}}]	7	4
7	2024-08-27 00:29:57.311809+00	1	cliente	2	[{"changed": {"fields": ["password"]}}]	7	4
8	2024-08-27 00:30:03.916233+00	1	cliente	2	[]	7	4
9	2024-08-27 00:32:28.245152+00	1	cliente	2	[{"changed": {"fields": ["User permissions"]}}]	7	4
10	2024-08-27 05:02:51.996432+00	5	username4	2	[{"changed": {"fields": ["Staff status", "User permissions"]}}]	7	4
11	2024-08-27 05:06:03.304559+00	5	username4	2	[{"changed": {"fields": ["User permissions"]}}]	7	4
12	2024-08-27 05:08:09.895958+00	6	customer001	1	[{"added": {}}]	7	4
13	2024-08-27 05:08:21.084063+00	6	customer001	2	[{"changed": {"fields": ["company_name", "address"]}}]	7	4
14	2024-08-27 05:10:25.14414+00	7	distributor001	1	[{"added": {}}]	7	4
15	2024-08-27 05:11:00.098881+00	7	distributor001	2	[{"changed": {"fields": ["User permissions"]}}]	7	4
16	2024-08-27 05:15:20.915007+00	3	TapDisk	1	[{"added": {}}]	8	4
17	2024-08-27 05:17:08.764297+00	7	distributor001	2	[]	7	4
18	2024-08-27 05:18:40.825009+00	7	distributor001	2	[{"changed": {"fields": ["User permissions"]}}]	7	4
19	2024-08-27 05:24:06.089276+00	2	inversores	1	[{"added": {}}]	6	4
20	2024-08-27 05:25:07.786133+00	2	inversor	1	[{"added": {}}]	9	4
21	2024-08-27 05:26:27.193553+00	2	inversor	2	[{"changed": {"fields": ["Distributor"]}}]	9	5
22	2024-08-27 05:26:40.101575+00	2	inversor	2	[{"changed": {"fields": ["Distributor"]}}]	9	5
23	2024-08-27 05:34:21.907011+00	1	Panel Solar 300W	2	[{"changed": {"fields": ["Distributor"]}}]	9	5
24	2024-08-27 05:39:52.752388+00	2	inversor	2	[{"changed": {"fields": ["Distributor"]}}]	9	4
25	2024-09-01 21:45:24.66963+00	7	distributor001	2	[{"changed": {"fields": ["User permissions"]}}]	7	4
26	2024-09-01 21:45:52.802503+00	5	username4	2	[{"changed": {"fields": ["User permissions"]}}]	7	4
27	2024-09-01 22:27:40.391368+00	7	distributor001	2	[{"changed": {"fields": ["User permissions"]}}]	7	4
28	2024-09-01 22:29:44.288586+00	1	cliente	2	[{"changed": {"fields": ["User permissions"]}}]	7	4
29	2024-09-01 22:41:18.585545+00	1	cliente	2	[{"changed": {"fields": ["User permissions"]}}]	7	4
30	2024-09-01 22:45:19.986952+00	1	cliente	2	[{"changed": {"fields": ["User permissions"]}}]	7	1
31	2024-09-02 00:12:57.415769+00	8	Usernamve8	1	[{"added": {}}]	7	4
32	2024-09-02 00:25:46.232146+00	8	Usernamve8	3		7	4
33	2024-09-02 00:26:18.769026+00	9	username5	1	[{"added": {}}]	7	4
34	2024-09-02 00:32:53.830674+00	9	username5	3		7	4
35	2024-09-02 00:33:16.498992+00	10	username5	1	[{"added": {}}]	7	4
36	2024-09-12 16:00:58.085305+00	1	Panel Solar 300W	2	[{"changed": {"fields": ["Distributor"]}}]	9	4
37	2024-09-12 16:01:22.52432+00	2	inversor	2	[{"changed": {"fields": ["Distributor"]}}]	9	4
38	2024-09-12 21:52:53.717614+00	2	inversor	2	[{"changed": {"fields": ["Image"]}}]	9	7
39	2024-09-12 22:01:24.070982+00	3	TapDisk	2	[{"changed": {"fields": ["Address"]}}]	8	7
40	2024-09-12 22:52:21.021231+00	1	Panel Solar 300W	2	[{"changed": {"fields": ["Image"]}}]	9	4
41	2024-09-23 09:24:02.18419+00	3	Baterias Solares	1	[{"added": {}}]	6	4
42	2024-09-23 09:26:47.747488+00	3	Bateria Solar	2	[{"changed": {"fields": ["Category", "Image"]}}]	9	4
43	2024-10-02 20:18:45.514468+00	3	Bateria Solar	2	[{"added": {"name": "product attribute", "object": "Bateria Solar - Corriente: 20 A"}}]	9	4
44	2024-10-02 21:40:05.258915+00	1	Potencia	1	[{"added": {}}]	13	4
45	2024-10-02 21:40:45.286916+00	3	Bateria Solar	2	[{"added": {"name": "product attribute", "object": "Potencia: 20 A"}}]	9	4
46	2024-10-02 22:14:21.305472+00	2	inversor	2	[{"added": {"name": "product attribute", "object": "Potencia: 10 A"}}]	9	4
47	2024-10-02 22:15:58.034667+00	7	distributor001	2	[{"changed": {"fields": ["User permissions"]}}]	7	4
48	2024-10-25 02:47:06.384632+00	3	Sistemas Fotovoltaicos	2	[{"changed": {"fields": ["Name", "Slug", "Description"]}}]	6	4
49	2024-10-25 02:48:24.929729+00	4	Panel Solar	1	[{"added": {}}]	6	4
50	2024-10-25 02:48:29.491992+00	3	Sistemas Fotovoltaicos	2	[{"changed": {"fields": ["Parent"]}}]	6	4
51	2024-10-25 03:31:31.379943+00	4	Panel Solar	3		6	4
52	2024-10-25 03:31:33.717556+00	3	Sistemas Fotovoltaicos	2	[]	6	4
53	2024-10-25 03:32:10.858606+00	1	Paneles Solares	2	[{"changed": {"fields": ["Slug", "Parent"]}}]	6	4
54	2024-10-25 03:32:31.075619+00	3	Bateria Solar	2	[{"changed": {"fields": ["Category"]}}]	9	4
55	2024-10-25 03:52:04.119994+00	5	Electrodomésticos Solares	1	[{"added": {}}]	6	4
56	2024-10-25 03:52:21.03284+00	3	Sistemas Fotovoltaicos	2	[{"changed": {"fields": ["Slug"]}}]	6	4
57	2024-10-25 03:52:55.529783+00	6	Conectividad y Seguridad	1	[{"added": {}}]	6	4
58	2024-10-25 03:54:34.045102+00	2	Inversores Sistemas Aislados	2	[{"changed": {"fields": ["Name", "Slug", "Description", "Parent"]}}]	6	4
59	2024-10-25 03:55:01.651348+00	7	Baterías de Litio	1	[{"added": {}}]	6	4
60	2024-10-25 03:55:55.322245+00	8	Baterías de Ciclo Profundo	1	[{"added": {}}]	6	4
61	2024-10-25 03:56:28.352711+00	9	Controlador de Carga PWM	1	[{"added": {}}]	6	4
62	2024-10-25 03:56:50.106557+00	10	Controlador de Carga MPPT	1	[{"added": {}}]	6	4
63	2024-10-25 03:57:30.98004+00	11	Inversores Conexión de Red	1	[{"added": {}}]	6	4
64	2024-10-25 03:57:58.092196+00	12	Cargadores de Baterías	1	[{"added": {}}]	6	4
65	2024-10-25 03:58:37.161218+00	13	Convertidores DC/AC	1	[{"added": {}}]	6	4
66	2024-10-25 03:58:58.550097+00	14	Puentes de Diodos	1	[{"added": {}}]	6	4
67	2024-10-25 03:59:30.209952+00	15	Aires Acondicionados	1	[{"added": {}}]	6	4
68	2024-10-25 03:59:47.183807+00	16	Congeladores	1	[{"added": {}}]	6	4
69	2024-10-25 03:59:59.93222+00	17	Neveras	1	[{"added": {}}]	6	4
70	2024-10-25 04:00:14.538633+00	18	Televisores	1	[{"added": {}}]	6	4
71	2024-10-25 04:00:39.658391+00	19	Ventiladores	1	[{"added": {}}]	6	4
72	2024-10-25 04:00:52.939469+00	20	Licuadoras	1	[{"added": {}}]	6	4
73	2024-10-25 04:01:23.837543+00	21	Cámaras de Seguridad	1	[{"added": {}}]	6	4
74	2024-10-25 04:01:36.612837+00	22	DVR	1	[{"added": {}}]	6	4
75	2024-10-25 04:01:48.481728+00	23	Antenas	1	[{"added": {}}]	6	4
76	2024-10-25 04:05:22.054265+00	24	Repetidores	1	[{"added": {}}]	6	4
77	2024-10-25 04:05:51.674372+00	25	Lámparas	1	[{"added": {}}]	6	4
78	2024-10-25 04:07:45.85787+00	26	Reflectores	1	[{"added": {}}]	6	4
79	2024-10-25 04:13:18.586184+00	1	Paneles Solares	2	[{"changed": {"fields": ["Slug"]}}]	6	4
80	2024-10-25 04:13:50.213541+00	1	Paneles Solares	2	[{"changed": {"fields": ["Slug"]}}]	6	4
81	2024-10-25 05:24:26.214057+00	3	Bateria Solar	2	[{"changed": {"fields": ["Slug"]}}]	9	4
82	2024-10-25 05:24:51.032943+00	2	inversor	2	[{"changed": {"fields": ["Slug"]}}]	9	4
83	2024-10-25 05:24:59.488855+00	1	Panel Solar 300W	2	[{"changed": {"fields": ["Slug"]}}]	9	4
84	2024-10-25 05:25:45.477147+00	3	Bateria Solar de Litio RMFT	2	[{"changed": {"fields": ["Name", "Category"]}}]	9	4
85	2024-10-25 05:26:33.803902+00	3	Bateria Solar de Litio RMFT	2	[{"changed": {"fields": ["Slug"]}}]	9	4
86	2024-10-25 19:18:30.297021+00	1	Paneles Solares	2	[{"changed": {"fields": ["Image"]}}]	6	4
87	2024-10-25 19:18:54.845457+00	2	Inversores Sistemas Aislados	2	[{"changed": {"fields": ["Image"]}}]	6	4
88	2024-10-25 19:19:08.754783+00	26	Reflectores	2	[{"changed": {"fields": ["Image"]}}]	6	4
89	2024-10-25 19:19:19.265492+00	25	Lámparas	2	[{"changed": {"fields": ["Image"]}}]	6	4
90	2024-10-25 19:19:34.189368+00	24	Repetidores	2	[{"changed": {"fields": ["Image"]}}]	6	4
91	2024-10-25 19:19:50.405174+00	23	Antenas	2	[{"changed": {"fields": ["Image"]}}]	6	4
92	2024-10-25 19:20:26.360504+00	22	DVR	2	[{"changed": {"fields": ["Image"]}}]	6	4
93	2024-10-25 19:20:37.674963+00	21	Cámaras de Seguridad	2	[{"changed": {"fields": ["Image"]}}]	6	4
94	2024-10-25 19:20:47.323067+00	20	Licuadoras	2	[{"changed": {"fields": ["Image"]}}]	6	4
95	2024-10-25 19:20:56.34933+00	19	Ventiladores	2	[{"changed": {"fields": ["Image"]}}]	6	4
96	2024-10-25 19:21:06.113005+00	18	Televisores	2	[{"changed": {"fields": ["Image"]}}]	6	4
97	2024-10-25 19:21:16.717143+00	17	Neveras	2	[{"changed": {"fields": ["Image"]}}]	6	4
98	2024-10-25 19:21:27.246598+00	16	Congeladores	2	[{"changed": {"fields": ["Image"]}}]	6	4
99	2024-10-25 19:21:35.769363+00	15	Aires Acondicionados	2	[{"changed": {"fields": ["Image"]}}]	6	4
100	2024-10-25 19:21:48.063175+00	14	Puentes de Diodos	2	[{"changed": {"fields": ["Image"]}}]	6	4
101	2024-10-25 19:22:04.668396+00	13	Convertidores DC/AC	2	[{"changed": {"fields": ["Image"]}}]	6	4
102	2024-10-25 19:22:13.710146+00	12	Cargadores de Baterías	2	[{"changed": {"fields": ["Image"]}}]	6	4
103	2024-10-25 19:22:31.618779+00	11	Inversores Conexión de Red	2	[{"changed": {"fields": ["Image"]}}]	6	4
104	2024-10-25 19:22:40.963309+00	10	Controlador de Carga MPPT	2	[{"changed": {"fields": ["Image"]}}]	6	4
105	2024-10-25 19:22:50.708959+00	9	Controlador de Carga PWM	2	[{"changed": {"fields": ["Image"]}}]	6	4
106	2024-10-25 19:23:05.924106+00	8	Baterías de Ciclo Profundo	2	[{"changed": {"fields": ["Image"]}}]	6	4
107	2024-10-25 19:23:15.183063+00	7	Baterías de Litio	2	[{"changed": {"fields": ["Image"]}}]	6	4
108	2024-11-13 07:57:34.349766+00	4	Panel Solar 500W Borde laminado Oscuro	1	[{"added": {}}]	9	4
109	2024-11-13 08:28:39.181614+00	4	Panel Solar 500W Borde laminado Oscuro	2	[{"changed": {"fields": ["Image"]}}]	9	4
110	2024-11-13 08:44:06.249458+00	4	Panel Solar 500W Borde laminado Oscuro hocdasjcnkajsndckajsndkcjasdkcjsd	2	[{"changed": {"fields": ["Name"]}}]	9	4
111	2024-11-13 09:30:30.175697+00	1	Panel Solar 300W	2	[{"added": {"name": "product attribute", "object": "Potencia: 20 A"}}]	9	4
112	2024-11-15 04:01:57.330567+00	4	Panel Solar 500W Borde laminado Oscuro hocdasjcnkajs	2	[{"changed": {"fields": ["Name"]}}]	9	4
113	2024-11-15 04:02:20.94959+00	4	Panel Solar 500W Borde laminado Oscuro hocdasjcnkajs	2	[{"added": {"name": "product attribute", "object": "Potencia: 20 A"}}]	9	4
114	2024-11-15 04:06:45.500203+00	4	Panel Solar 500W Borde laminado Oscuro hocdasjcnkajs	2	[{"changed": {"fields": ["Description"]}}]	9	4
115	2024-11-15 04:31:21.720608+00	4	Panel Solar 500W Borde laminado Oscuro hocdasjcnkajs	2	[{"changed": {"fields": ["Description"]}}]	9	4
116	2024-11-17 07:54:24.187403+00	7	distributor001	2	[{"changed": {"fields": ["User permissions"]}}]	7	4
117	2024-11-17 08:25:47.351346+00	4	Order 4 - cliente2 - Pending	2	[{"deleted": {"name": "order item", "object": "inversor (1)"}}]	10	4
118	2024-11-17 08:26:10.420973+00	4	Order 4 - cliente2 - Processed	2	[{"changed": {"fields": ["Status"]}}]	10	4
119	2024-11-17 09:33:40.820484+00	2	Order 2 - distributor001 - Processed	2	[{"changed": {"fields": ["Status"]}}]	10	4
120	2024-11-17 09:40:14.452482+00	5	Order 5 - distributor001 - Shipped	2	[{"changed": {"fields": ["Status"]}}]	10	4
\.


--
-- Data for Name: django_content_type; Type: TABLE DATA; Schema: public; Owner: postgres
--

COPY public.django_content_type (id, app_label, model) FROM stdin;
1	admin	logentry
2	auth	permission
3	auth	group
4	contenttypes	contenttype
5	sessions	session
6	store	category
7	store	customuser
8	store	distributor
9	store	product
10	store	order
11	store	orderitem
12	store	productattribute
13	store	attributename
\.


--
-- Data for Name: django_migrations; Type: TABLE DATA; Schema: public; Owner: postgres
--

COPY public.django_migrations (id, app, name, applied) FROM stdin;
1	contenttypes	0001_initial	2024-08-22 07:36:19.318199+00
2	contenttypes	0002_remove_content_type_name	2024-08-22 07:36:19.328291+00
3	auth	0001_initial	2024-08-22 07:36:19.422977+00
4	auth	0002_alter_permission_name_max_length	2024-08-22 07:36:19.422977+00
5	auth	0003_alter_user_email_max_length	2024-08-22 07:36:19.437552+00
6	auth	0004_alter_user_username_opts	2024-08-22 07:36:19.44501+00
7	auth	0005_alter_user_last_login_null	2024-08-22 07:36:19.452858+00
8	auth	0006_require_contenttypes_0002	2024-08-22 07:36:19.454057+00
9	auth	0007_alter_validators_add_error_messages	2024-08-22 07:36:19.461688+00
10	auth	0008_alter_user_username_max_length	2024-08-22 07:36:19.468144+00
11	auth	0009_alter_user_last_name_max_length	2024-08-22 07:36:19.476273+00
12	auth	0010_alter_group_name_max_length	2024-08-22 07:36:19.488457+00
13	auth	0011_update_proxy_permissions	2024-08-22 07:36:19.496328+00
14	auth	0012_alter_user_first_name_max_length	2024-08-22 07:36:19.502972+00
15	store	0001_initial	2024-08-22 07:36:19.686945+00
16	admin	0001_initial	2024-08-22 07:36:19.745916+00
17	admin	0002_logentry_remove_auto_add	2024-08-22 07:36:19.747558+00
18	admin	0003_logentry_add_action_flag_choices	2024-08-22 07:36:19.764785+00
19	sessions	0001_initial	2024-08-22 07:36:19.797618+00
20	store	0002_remove_distributor_status_category_slug_and_more	2024-08-22 07:36:19.905411+00
21	store	0002_alter_customuser_user_type	2024-08-22 08:04:41.425031+00
22	store	0003_remove_product_brand_alter_distributor_created_at_and_more	2024-08-22 08:12:48.522983+00
23	store	0004_product_brand	2024-08-22 08:14:25.200296+00
24	store	0005_remove_distributor_phone_number_and_more	2024-09-01 19:16:35.126789+00
25	store	0006_order_orderitem	2024-09-12 23:31:05.042403+00
26	store	0007_remove_product_dimensions_remove_product_efficiency_and_more	2024-10-02 19:19:56.429896+00
27	store	0008_attributename_remove_productattribute_name_and_more	2024-10-02 21:00:08.391426+00
28	store	0009_category_image_category_parent	2024-10-25 02:32:31.611504+00
30	store	0009_category_image_category_parent_product_slug	2024-10-25 04:35:31.802105+00
31	store	0010_alter_product_slug	2024-10-25 05:23:00.668342+00
32	store	0011_product_is_active_alter_product_slug	2024-10-25 05:30:52.75067+00
33	store	0012_category_is_active	2024-10-25 05:38:59.023255+00
\.


--
-- Data for Name: django_session; Type: TABLE DATA; Schema: public; Owner: postgres
--

COPY public.django_session (session_key, session_data, expire_date) FROM stdin;
vjkq2q6d12ruqc2ujzztk59j2lt5tcoj	.eJxVjDsOwjAQBe_iGlmOf_FS0nMGa-1d4wBypDipEHeHSCmgfTPzXiLitta4dV7iROIsBi1Ov2PC_OC2E7pju80yz21dpiR3RR60y-tM_Lwc7t9BxV6_tfcFAjMAkiICcAgEaDwUPbIZCQxYR7YUsElxso6DGTBz8KCTVVa8PxfTODw:1tCYN7:P54axuKzo3nNgYmnqIyvDZb2RGJEz3uNOt48egmeeHQ	2024-12-01 06:02:57.306584+00
x9wmx1lqoxwz4drtm1j1zjn5beefguh4	.eJxVjEEOwiAQRe_C2hAsMIBL9z0DGQZGqoYmpV0Z765NutDtf-_9l4i4rTVuvSxxyuIinDj9bgnpUdoO8h3bbZY0t3WZktwVedAuxzmX5_Vw_w4q9vqttbWkBzROAXl2CT0YCKEgKEthIOVYB8vFgdLGeyY-mwwWPGMOWKx4fwDMuTee:1swABC:fesdHhkwzduq1DjHJt25pqvYxPhoWj7B1pLK6XuQhMY	2024-10-17 00:58:54.974092+00
iduq8hpiewzda0f4l23orqdde0tdozly	.eJxVjEEOwiAQRe_C2hAsMIBL9z0DGQZGqoYmpV0Z765NutDtf-_9l4i4rTVuvSxxyuIinDj9bgnpUdoO8h3bbZY0t3WZktwVedAuxzmX5_Vw_w4q9vqttbWkBzROAXl2CT0YCKEgKEthIOVYB8vFgdLGeyY-mwwWPGMOWKx4fwDMuTee:1tCbj4:TbQUlb0SwR690H9TXvyL6Mgo4l5Uf1Nj7YT7v8RM8-Y	2024-12-01 09:37:50.638057+00
a8bgo9ok8uqdzu7ejxr45ku82xcm50rh	.eJxVjEEOwiAQRe_C2hAsMIBL9z0DGQZGqoYmpV0Z765NutDtf-_9l4i4rTVuvSxxyuIinDj9bgnpUdoO8h3bbZY0t3WZktwVedAuxzmX5_Vw_w4q9vqttbWkBzROAXl2CT0YCKEgKEthIOVYB8vFgdLGeyY-mwwWPGMOWKx4fwDMuTee:1tCcQ9:H17VH-2KYdE2dISDd9OFsSjZj6To0Hfb6PDi3PNvkAs	2024-12-01 10:22:21.970679+00
itf4c2d9r07f9v024mc0539byqmwxgcc	.eJxVjEEOwiAQRe_C2hAsMIBL9z0DGQZGqoYmpV0Z765NutDtf-_9l4i4rTVuvSxxyuIinDj9bgnpUdoO8h3bbZY0t3WZktwVedAuxzmX5_Vw_w4q9vqttbWkBzROAXl2CT0YCKEgKEthIOVYB8vFgdLGeyY-mwwWPGMOWKx4fwDMuTee:1sybgo:VlngqgHy2tb3PCZ7vYWBlG1jmJJQWdtoRCYFep5xFks	2024-10-23 18:45:38.813453+00
ttwibgbd110cabu1zh4gwm6lt95dg2jv	.eJxVjDsOwjAQBe_iGln-Y1PS5wzWenfBAeRIcVIh7k4ipYB2Zt57iwzrUvPaec4jiYtw4vTLCuCT2y7oAe0-SZzaMo9F7ok8bJfDRPy6Hu3fQYVetzVHNDcDNjAgmXBOmh15bVUskb0NxiEqDdoCaaSSNl5M0CWB80GxFZ8v7qQ35w:1t4IoJ:x6H9f8crPuFl5s0SHwS5A0fJlzDAva_Fg5mRc3sRsfQ	2024-11-08 11:48:55.058812+00
\.


--
-- Data for Name: store_attributename; Type: TABLE DATA; Schema: public; Owner: postgres
--

COPY public.store_attributename (id, name) FROM stdin;
1	Potencia
\.


--
-- Data for Name: store_category; Type: TABLE DATA; Schema: public; Owner: postgres
--

COPY public.store_category (id, name, description, slug, image, parent_id, is_active) FROM stdin;
5	Electrodomésticos Solares		electrodomesticos-solares		\N	t
3	Sistemas Fotovoltaicos	Sistemas de energía	sistemas-fotovoltaicos		\N	t
6	Conectividad y Seguridad		conectividad-seguridad		\N	t
1	Paneles Solares	Categoría de paneles solares de alta eficiencia	panel-solar	category_images/cat-paneles-solares.png	3	t
2	Inversores Sistemas Aislados		inversor-sistema-aislado	category_images/cat-inversores-aislados.png	3	t
26	Reflectores		reflector	category_images/cat-reflectores.png	6	t
25	Lámparas		lampara	category_images/cat-lamparas.png	6	t
24	Repetidores		repetidor	category_images/cat-repetidores.png	6	t
23	Antenas		antena	category_images/cat-antenas.png	6	t
22	DVR		dvr	category_images/cat-dvr.png	6	t
21	Cámaras de Seguridad		camara-seguridad	category_images/cat-camaras.png	6	t
20	Licuadoras		licuadora	category_images/cat-licuadoras.png	5	t
19	Ventiladores		ventilador	category_images/cat-ventiladores.png	5	t
18	Televisores		televisor	category_images/cat-televisores.png	5	t
17	Neveras		nevera	category_images/cat-neveras.png	5	t
16	Congeladores		congelador	category_images/cat-congeladores.png	5	t
15	Aires Acondicionados		aire-acondicionado	category_images/cat-aire-acondicionado.png	5	t
14	Puentes de Diodos		puente-diodo	category_images/cat-puente-diodos.png	3	t
13	Convertidores DC/AC		convertidor-ac-dc	category_images/cat-convertidores-ac.png	3	t
12	Cargadores de Baterías		cargador-baterias	category_images/cat-cargadores-baterias.png	3	t
11	Inversores Conexión de Red		inversor-conexion-red	category_images/cat-inversores-red.png	3	t
10	Controlador de Carga MPPT		controlador-carga-mppt	category_images/cat-controlador-mppt.png	3	t
9	Controlador de Carga PWM		controlador-carga-pwm	category_images/cat-controlador-pwm.png	3	t
8	Baterías de Ciclo Profundo		bateria-ciclo-profundo	category_images/cat-baterias-ciclo.png	3	t
7	Baterías de Litio		bateria-litio	category_images/cat-baterias-litio.png	3	t
\.


--
-- Data for Name: store_customuser; Type: TABLE DATA; Schema: public; Owner: postgres
--

COPY public.store_customuser (id, password, last_login, is_superuser, username, first_name, last_name, email, is_staff, is_active, date_joined, user_type, phone_number) FROM stdin;
6	pbkdf2_sha256$870000$g1oXlBSJBTgnOOYo69c6ta$KEH0YLweMUbihxHAZ/Kvmdu3IBt2wQxBv7LjphIfjTU=	\N	f	customer001	david		a@gmail.com	t	t	2024-08-27 05:08:08+00	1	
10	pbkdf2_sha256$870000$2DQRKF8HTGIMVzrRPbwAyq$wcAWhA+tAf7MJVJhxMrnv3qWPw2aBtT2TuwnFvnw4EE=	\N	f	username5	oliver	velasquez	o21@gmail.com	f	t	2024-09-02 00:33:15.649476+00	1	
12	pbkdf2_sha256$870000$z0ZdEEPVPZW8IXziKXyxJ1$vdC1i1jusG/HYz/iMOVh6CU7dSqjl2mN018CMegVjJ4=	2024-11-17 06:02:57.306584+00	f	cliente2	ClienteTwo1	ApellidoClienteTWO	cliente2@example.com	f	t	2024-11-14 23:57:48.329401+00	1	
11	pbkdf2_sha256$870000$AiealKgXLBNYlIytRfIary$iAoK051tfW7+0SXqNPg5c7yOjPoY4awccwEAJxCc5H8=	2024-09-23 06:53:50.548955+00	f	distributor002	Distribuidor100	Test1	raice@gmail.com	f	t	2024-09-23 06:53:49.213152+00	1	
5	pbkdf2_sha256$870000$AbNVnXq8cPHxwPkRFgblKM$1i2iiWJZgKulCSEaaCWLotywr+l+FevVeyR7U/0TJmM=	2024-09-01 22:24:11.908088+00	f	username4	oliver	velasquez	o2@gmail.com	t	t	2024-08-22 08:23:43+00	2	
1	pbkdf2_sha256$870000$30KaU4sSQU8dSOXOyKO3FU$bwtyJtl9B0pXUun67MApveQXhNtko4JJppKfpezM2s0=	2024-11-14 22:25:46.147756+00	f	cliente	ClienteOne	ApellidoCliente	cliente1@example.com	t	t	2024-08-22 08:22:02+00	1	3208808381
7	pbkdf2_sha256$870000$QX4wNUDHEsnNwHEG9PlgJf$LPgxvilt25010lHiBQNn8v0DMn3i0DVOmwj0vXIRK4A=	2024-11-17 10:22:21.954983+00	f	distributor001	dis		dis@gmail.com	t	t	2024-08-27 05:10:23+00	2	
4	pbkdf2_sha256$870000$qiDAjoqqBgCQuzJ0epw0Nt$YvMoBu/UsQG5n6nA5IsOIriQEZXs/KvExeSpPeXCzjU=	2024-11-17 23:02:13.158815+00	t	admin				t	t	2024-08-22 08:04:56.325293+00	3	
\.


--
-- Data for Name: store_customuser_groups; Type: TABLE DATA; Schema: public; Owner: postgres
--

COPY public.store_customuser_groups (id, customuser_id, group_id) FROM stdin;
\.


--
-- Data for Name: store_customuser_user_permissions; Type: TABLE DATA; Schema: public; Owner: postgres
--

COPY public.store_customuser_user_permissions (id, customuser_id, permission_id) FROM stdin;
1	1	26
3	5	33
4	5	34
5	5	35
7	7	33
8	7	34
9	7	35
10	7	36
12	5	30
13	7	30
15	7	45
16	7	46
17	7	47
18	7	48
19	7	49
20	7	50
21	7	51
22	7	52
23	7	37
24	7	38
25	7	39
26	7	40
27	7	41
28	7	42
29	7	43
30	7	44
\.


--
-- Data for Name: store_distributor; Type: TABLE DATA; Schema: public; Owner: postgres
--

COPY public.store_distributor (id, company_name, address, created_at, updated_at, user_id, is_active) FROM stdin;
2	Distribuidor Ejemplo	Dirección Ejemplo2	2024-08-22 07:59:42+00	2024-08-27 00:15:33.052992+00	5	t
3	TapDisk	121212123	2024-08-27 05:15:20.905008+00	2024-09-12 22:01:24.068984+00	7	t
\.


--
-- Data for Name: store_order; Type: TABLE DATA; Schema: public; Owner: postgres
--

COPY public.store_order (id, status, total_price, created_at, updated_at, customer_id) FROM stdin;
5	shipped	299.99	2024-11-17 09:37:21.150859+00	2024-11-17 09:40:32.906805+00	7
2	processed	2000699.97	2024-09-23 03:38:53.744208+00	2024-11-17 09:40:32.916708+00	7
6	pending	0.00	2024-11-17 10:24:14.831627+00	2024-11-17 10:32:20.903428+00	7
4	processed	4000899.97	2024-11-15 02:43:37.167395+00	2024-11-17 12:16:06.888111+00	12
3	pending	0.00	2024-11-14 23:20:36.524591+00	2024-11-14 23:23:38.406589+00	1
1	pending	4000299.99	2024-09-12 23:31:19.296858+00	2024-11-17 23:02:32.29116+00	4
\.


--
-- Data for Name: store_orderitem; Type: TABLE DATA; Schema: public; Owner: postgres
--

COPY public.store_orderitem (id, quantity, price, order_id, product_id) FROM stdin;
28	3	299.99	4	1
29	2	2000000.00	4	4
43	2	299.99	2	1
44	1	99.99	2	2
45	1	2000000.00	2	4
46	1	299.99	5	1
37	2	2000000.00	1	4
47	1	299.99	1	1
\.


--
-- Data for Name: store_product; Type: TABLE DATA; Schema: public; Owner: postgres
--

COPY public.store_product (id, name, description, price, sku, stock, image, created_at, updated_at, category_id, distributor_id, brand, slug, is_active) FROM stdin;
2	inversor	invierte	99.99	inv-01	10	products/inversor.jpg	2024-08-27 05:25:07.781987+00	2024-10-25 05:24:51.030567+00	2	3	Samsung	inversor	t
3	Bateria Solar de Litio RMFT	Suministra energia	10000.00	bat-1002	0	products/Bateria-Solar.png	2024-09-23 08:58:07.144644+00	2024-10-25 05:26:33.801901+00	7	3	No brand	bateria-solar-de-litio-rmft	t
1	Panel Solar 300W	Panel solar de alta eficiencia 300W	299.99	PS300W	50	products/panelsolar.jpg	2024-08-22 07:59:42+00	2024-11-13 09:30:30.174698+00	1	2	No brand	panel-solar-300w	t
4	Panel Solar 500W Borde laminado Oscuro hocdasjcnkajs	Descubre la potencia del sol con este panel solar monocristalino de 300W, ideal para instalaciones de autoconsumo y proyectos de energía renovable en residencias y comercios. Diseñado con la última tecnología en celdas monocristalinas, este panel garantiza una alta eficiencia de conversión energética, incluso en condiciones de poca luz.	2000000.00	panel-500	0	products/cat-paneles-solares.png	2024-11-13 07:57:34.333945+00	2024-11-15 04:31:21.720608+00	1	3	No brand	panel-solar-500w-borde-laminado-oscuro	t
\.


--
-- Data for Name: store_productattribute; Type: TABLE DATA; Schema: public; Owner: postgres
--

COPY public.store_productattribute (id, value, product_id, attribute_id) FROM stdin;
2	20 A	3	1
3	10 A	2	1
4	20 A	1	1
5	20 A	4	1
\.


--
-- Name: auth_group_id_seq; Type: SEQUENCE SET; Schema: public; Owner: postgres
--

SELECT pg_catalog.setval('public.auth_group_id_seq', 1, false);


--
-- Name: auth_group_permissions_id_seq; Type: SEQUENCE SET; Schema: public; Owner: postgres
--

SELECT pg_catalog.setval('public.auth_group_permissions_id_seq', 1, false);


--
-- Name: auth_permission_id_seq; Type: SEQUENCE SET; Schema: public; Owner: postgres
--

SELECT pg_catalog.setval('public.auth_permission_id_seq', 52, true);


--
-- Name: django_admin_log_id_seq; Type: SEQUENCE SET; Schema: public; Owner: postgres
--

SELECT pg_catalog.setval('public.django_admin_log_id_seq', 120, true);


--
-- Name: django_content_type_id_seq; Type: SEQUENCE SET; Schema: public; Owner: postgres
--

SELECT pg_catalog.setval('public.django_content_type_id_seq', 13, true);


--
-- Name: django_migrations_id_seq; Type: SEQUENCE SET; Schema: public; Owner: postgres
--

SELECT pg_catalog.setval('public.django_migrations_id_seq', 33, true);


--
-- Name: store_attributename_id_seq; Type: SEQUENCE SET; Schema: public; Owner: postgres
--

SELECT pg_catalog.setval('public.store_attributename_id_seq', 1, true);


--
-- Name: store_category_id_seq; Type: SEQUENCE SET; Schema: public; Owner: postgres
--

SELECT pg_catalog.setval('public.store_category_id_seq', 26, true);


--
-- Name: store_customuser_groups_id_seq; Type: SEQUENCE SET; Schema: public; Owner: postgres
--

SELECT pg_catalog.setval('public.store_customuser_groups_id_seq', 1, false);


--
-- Name: store_customuser_id_seq; Type: SEQUENCE SET; Schema: public; Owner: postgres
--

SELECT pg_catalog.setval('public.store_customuser_id_seq', 12, true);


--
-- Name: store_customuser_user_permissions_id_seq; Type: SEQUENCE SET; Schema: public; Owner: postgres
--

SELECT pg_catalog.setval('public.store_customuser_user_permissions_id_seq', 30, true);


--
-- Name: store_distributor_id_seq; Type: SEQUENCE SET; Schema: public; Owner: postgres
--

SELECT pg_catalog.setval('public.store_distributor_id_seq', 3, true);


--
-- Name: store_order_id_seq; Type: SEQUENCE SET; Schema: public; Owner: postgres
--

SELECT pg_catalog.setval('public.store_order_id_seq', 6, true);


--
-- Name: store_orderitem_id_seq; Type: SEQUENCE SET; Schema: public; Owner: postgres
--

SELECT pg_catalog.setval('public.store_orderitem_id_seq', 47, true);


--
-- Name: store_product_id_seq; Type: SEQUENCE SET; Schema: public; Owner: postgres
--

SELECT pg_catalog.setval('public.store_product_id_seq', 4, true);


--
-- Name: store_productattribute_id_seq; Type: SEQUENCE SET; Schema: public; Owner: postgres
--

SELECT pg_catalog.setval('public.store_productattribute_id_seq', 5, true);


--
-- Name: auth_group auth_group_name_key; Type: CONSTRAINT; Schema: public; Owner: postgres
--

ALTER TABLE ONLY public.auth_group
    ADD CONSTRAINT auth_group_name_key UNIQUE (name);


--
-- Name: auth_group_permissions auth_group_permissions_group_id_permission_id_0cd325b0_uniq; Type: CONSTRAINT; Schema: public; Owner: postgres
--

ALTER TABLE ONLY public.auth_group_permissions
    ADD CONSTRAINT auth_group_permissions_group_id_permission_id_0cd325b0_uniq UNIQUE (group_id, permission_id);


--
-- Name: auth_group_permissions auth_group_permissions_pkey; Type: CONSTRAINT; Schema: public; Owner: postgres
--

ALTER TABLE ONLY public.auth_group_permissions
    ADD CONSTRAINT auth_group_permissions_pkey PRIMARY KEY (id);


--
-- Name: auth_group auth_group_pkey; Type: CONSTRAINT; Schema: public; Owner: postgres
--

ALTER TABLE ONLY public.auth_group
    ADD CONSTRAINT auth_group_pkey PRIMARY KEY (id);


--
-- Name: auth_permission auth_permission_content_type_id_codename_01ab375a_uniq; Type: CONSTRAINT; Schema: public; Owner: postgres
--

ALTER TABLE ONLY public.auth_permission
    ADD CONSTRAINT auth_permission_content_type_id_codename_01ab375a_uniq UNIQUE (content_type_id, codename);


--
-- Name: auth_permission auth_permission_pkey; Type: CONSTRAINT; Schema: public; Owner: postgres
--

ALTER TABLE ONLY public.auth_permission
    ADD CONSTRAINT auth_permission_pkey PRIMARY KEY (id);


--
-- Name: django_admin_log django_admin_log_pkey; Type: CONSTRAINT; Schema: public; Owner: postgres
--

ALTER TABLE ONLY public.django_admin_log
    ADD CONSTRAINT django_admin_log_pkey PRIMARY KEY (id);


--
-- Name: django_content_type django_content_type_app_label_model_76bd3d3b_uniq; Type: CONSTRAINT; Schema: public; Owner: postgres
--

ALTER TABLE ONLY public.django_content_type
    ADD CONSTRAINT django_content_type_app_label_model_76bd3d3b_uniq UNIQUE (app_label, model);


--
-- Name: django_content_type django_content_type_pkey; Type: CONSTRAINT; Schema: public; Owner: postgres
--

ALTER TABLE ONLY public.django_content_type
    ADD CONSTRAINT django_content_type_pkey PRIMARY KEY (id);


--
-- Name: django_migrations django_migrations_pkey; Type: CONSTRAINT; Schema: public; Owner: postgres
--

ALTER TABLE ONLY public.django_migrations
    ADD CONSTRAINT django_migrations_pkey PRIMARY KEY (id);


--
-- Name: django_session django_session_pkey; Type: CONSTRAINT; Schema: public; Owner: postgres
--

ALTER TABLE ONLY public.django_session
    ADD CONSTRAINT django_session_pkey PRIMARY KEY (session_key);


--
-- Name: store_attributename store_attributename_pkey; Type: CONSTRAINT; Schema: public; Owner: postgres
--

ALTER TABLE ONLY public.store_attributename
    ADD CONSTRAINT store_attributename_pkey PRIMARY KEY (id);


--
-- Name: store_category store_category_pkey; Type: CONSTRAINT; Schema: public; Owner: postgres
--

ALTER TABLE ONLY public.store_category
    ADD CONSTRAINT store_category_pkey PRIMARY KEY (id);


--
-- Name: store_category store_category_slug_key; Type: CONSTRAINT; Schema: public; Owner: postgres
--

ALTER TABLE ONLY public.store_category
    ADD CONSTRAINT store_category_slug_key UNIQUE (slug);


--
-- Name: store_customuser_groups store_customuser_groups_customuser_id_group_id_23393c5e_uniq; Type: CONSTRAINT; Schema: public; Owner: postgres
--

ALTER TABLE ONLY public.store_customuser_groups
    ADD CONSTRAINT store_customuser_groups_customuser_id_group_id_23393c5e_uniq UNIQUE (customuser_id, group_id);


--
-- Name: store_customuser_groups store_customuser_groups_pkey; Type: CONSTRAINT; Schema: public; Owner: postgres
--

ALTER TABLE ONLY public.store_customuser_groups
    ADD CONSTRAINT store_customuser_groups_pkey PRIMARY KEY (id);


--
-- Name: store_customuser store_customuser_pkey; Type: CONSTRAINT; Schema: public; Owner: postgres
--

ALTER TABLE ONLY public.store_customuser
    ADD CONSTRAINT store_customuser_pkey PRIMARY KEY (id);


--
-- Name: store_customuser_user_permissions store_customuser_user_pe_customuser_id_permission_1a1bbfaa_uniq; Type: CONSTRAINT; Schema: public; Owner: postgres
--

ALTER TABLE ONLY public.store_customuser_user_permissions
    ADD CONSTRAINT store_customuser_user_pe_customuser_id_permission_1a1bbfaa_uniq UNIQUE (customuser_id, permission_id);


--
-- Name: store_customuser_user_permissions store_customuser_user_permissions_pkey; Type: CONSTRAINT; Schema: public; Owner: postgres
--

ALTER TABLE ONLY public.store_customuser_user_permissions
    ADD CONSTRAINT store_customuser_user_permissions_pkey PRIMARY KEY (id);


--
-- Name: store_customuser store_customuser_username_key; Type: CONSTRAINT; Schema: public; Owner: postgres
--

ALTER TABLE ONLY public.store_customuser
    ADD CONSTRAINT store_customuser_username_key UNIQUE (username);


--
-- Name: store_distributor store_distributor_pkey; Type: CONSTRAINT; Schema: public; Owner: postgres
--

ALTER TABLE ONLY public.store_distributor
    ADD CONSTRAINT store_distributor_pkey PRIMARY KEY (id);


--
-- Name: store_distributor store_distributor_user_id_key; Type: CONSTRAINT; Schema: public; Owner: postgres
--

ALTER TABLE ONLY public.store_distributor
    ADD CONSTRAINT store_distributor_user_id_key UNIQUE (user_id);


--
-- Name: store_order store_order_pkey; Type: CONSTRAINT; Schema: public; Owner: postgres
--

ALTER TABLE ONLY public.store_order
    ADD CONSTRAINT store_order_pkey PRIMARY KEY (id);


--
-- Name: store_orderitem store_orderitem_pkey; Type: CONSTRAINT; Schema: public; Owner: postgres
--

ALTER TABLE ONLY public.store_orderitem
    ADD CONSTRAINT store_orderitem_pkey PRIMARY KEY (id);


--
-- Name: store_product store_product_pkey; Type: CONSTRAINT; Schema: public; Owner: postgres
--

ALTER TABLE ONLY public.store_product
    ADD CONSTRAINT store_product_pkey PRIMARY KEY (id);


--
-- Name: store_product store_product_sku_key; Type: CONSTRAINT; Schema: public; Owner: postgres
--

ALTER TABLE ONLY public.store_product
    ADD CONSTRAINT store_product_sku_key UNIQUE (sku);


--
-- Name: store_productattribute store_productattribute_pkey; Type: CONSTRAINT; Schema: public; Owner: postgres
--

ALTER TABLE ONLY public.store_productattribute
    ADD CONSTRAINT store_productattribute_pkey PRIMARY KEY (id);


--
-- Name: auth_group_name_a6ea08ec_like; Type: INDEX; Schema: public; Owner: postgres
--

CREATE INDEX auth_group_name_a6ea08ec_like ON public.auth_group USING btree (name varchar_pattern_ops);


--
-- Name: auth_group_permissions_group_id_b120cbf9; Type: INDEX; Schema: public; Owner: postgres
--

CREATE INDEX auth_group_permissions_group_id_b120cbf9 ON public.auth_group_permissions USING btree (group_id);


--
-- Name: auth_group_permissions_permission_id_84c5c92e; Type: INDEX; Schema: public; Owner: postgres
--

CREATE INDEX auth_group_permissions_permission_id_84c5c92e ON public.auth_group_permissions USING btree (permission_id);


--
-- Name: auth_permission_content_type_id_2f476e4b; Type: INDEX; Schema: public; Owner: postgres
--

CREATE INDEX auth_permission_content_type_id_2f476e4b ON public.auth_permission USING btree (content_type_id);


--
-- Name: django_admin_log_content_type_id_c4bce8eb; Type: INDEX; Schema: public; Owner: postgres
--

CREATE INDEX django_admin_log_content_type_id_c4bce8eb ON public.django_admin_log USING btree (content_type_id);


--
-- Name: django_admin_log_user_id_c564eba6; Type: INDEX; Schema: public; Owner: postgres
--

CREATE INDEX django_admin_log_user_id_c564eba6 ON public.django_admin_log USING btree (user_id);


--
-- Name: django_session_expire_date_a5c62663; Type: INDEX; Schema: public; Owner: postgres
--

CREATE INDEX django_session_expire_date_a5c62663 ON public.django_session USING btree (expire_date);


--
-- Name: django_session_session_key_c0390e0f_like; Type: INDEX; Schema: public; Owner: postgres
--

CREATE INDEX django_session_session_key_c0390e0f_like ON public.django_session USING btree (session_key varchar_pattern_ops);


--
-- Name: store_category_parent_id_a6e736ff; Type: INDEX; Schema: public; Owner: postgres
--

CREATE INDEX store_category_parent_id_a6e736ff ON public.store_category USING btree (parent_id);


--
-- Name: store_category_slug_2d349264_like; Type: INDEX; Schema: public; Owner: postgres
--

CREATE INDEX store_category_slug_2d349264_like ON public.store_category USING btree (slug varchar_pattern_ops);


--
-- Name: store_customuser_groups_customuser_id_43cfc1b5; Type: INDEX; Schema: public; Owner: postgres
--

CREATE INDEX store_customuser_groups_customuser_id_43cfc1b5 ON public.store_customuser_groups USING btree (customuser_id);


--
-- Name: store_customuser_groups_group_id_fef77dc1; Type: INDEX; Schema: public; Owner: postgres
--

CREATE INDEX store_customuser_groups_group_id_fef77dc1 ON public.store_customuser_groups USING btree (group_id);


--
-- Name: store_customuser_user_permissions_customuser_id_840e2c9f; Type: INDEX; Schema: public; Owner: postgres
--

CREATE INDEX store_customuser_user_permissions_customuser_id_840e2c9f ON public.store_customuser_user_permissions USING btree (customuser_id);


--
-- Name: store_customuser_user_permissions_permission_id_0a1c95d7; Type: INDEX; Schema: public; Owner: postgres
--

CREATE INDEX store_customuser_user_permissions_permission_id_0a1c95d7 ON public.store_customuser_user_permissions USING btree (permission_id);


--
-- Name: store_customuser_username_7249789d_like; Type: INDEX; Schema: public; Owner: postgres
--

CREATE INDEX store_customuser_username_7249789d_like ON public.store_customuser USING btree (username varchar_pattern_ops);


--
-- Name: store_order_customer_id_13d6d43e; Type: INDEX; Schema: public; Owner: postgres
--

CREATE INDEX store_order_customer_id_13d6d43e ON public.store_order USING btree (customer_id);


--
-- Name: store_orderitem_order_id_acf8722d; Type: INDEX; Schema: public; Owner: postgres
--

CREATE INDEX store_orderitem_order_id_acf8722d ON public.store_orderitem USING btree (order_id);


--
-- Name: store_orderitem_product_id_f2b098d4; Type: INDEX; Schema: public; Owner: postgres
--

CREATE INDEX store_orderitem_product_id_f2b098d4 ON public.store_orderitem USING btree (product_id);


--
-- Name: store_product_category_id_574bae65; Type: INDEX; Schema: public; Owner: postgres
--

CREATE INDEX store_product_category_id_574bae65 ON public.store_product USING btree (category_id);


--
-- Name: store_product_distributor_id_5325c696; Type: INDEX; Schema: public; Owner: postgres
--

CREATE INDEX store_product_distributor_id_5325c696 ON public.store_product USING btree (distributor_id);


--
-- Name: store_product_sku_842ee8ec_like; Type: INDEX; Schema: public; Owner: postgres
--

CREATE INDEX store_product_sku_842ee8ec_like ON public.store_product USING btree (sku varchar_pattern_ops);


--
-- Name: store_productattribute_attribute_id_6946ed77; Type: INDEX; Schema: public; Owner: postgres
--

CREATE INDEX store_productattribute_attribute_id_6946ed77 ON public.store_productattribute USING btree (attribute_id);


--
-- Name: store_productattribute_product_id_f990fa19; Type: INDEX; Schema: public; Owner: postgres
--

CREATE INDEX store_productattribute_product_id_f990fa19 ON public.store_productattribute USING btree (product_id);


--
-- Name: auth_group_permissions auth_group_permissio_permission_id_84c5c92e_fk_auth_perm; Type: FK CONSTRAINT; Schema: public; Owner: postgres
--

ALTER TABLE ONLY public.auth_group_permissions
    ADD CONSTRAINT auth_group_permissio_permission_id_84c5c92e_fk_auth_perm FOREIGN KEY (permission_id) REFERENCES public.auth_permission(id) DEFERRABLE INITIALLY DEFERRED;


--
-- Name: auth_group_permissions auth_group_permissions_group_id_b120cbf9_fk_auth_group_id; Type: FK CONSTRAINT; Schema: public; Owner: postgres
--

ALTER TABLE ONLY public.auth_group_permissions
    ADD CONSTRAINT auth_group_permissions_group_id_b120cbf9_fk_auth_group_id FOREIGN KEY (group_id) REFERENCES public.auth_group(id) DEFERRABLE INITIALLY DEFERRED;


--
-- Name: auth_permission auth_permission_content_type_id_2f476e4b_fk_django_co; Type: FK CONSTRAINT; Schema: public; Owner: postgres
--

ALTER TABLE ONLY public.auth_permission
    ADD CONSTRAINT auth_permission_content_type_id_2f476e4b_fk_django_co FOREIGN KEY (content_type_id) REFERENCES public.django_content_type(id) DEFERRABLE INITIALLY DEFERRED;


--
-- Name: django_admin_log django_admin_log_content_type_id_c4bce8eb_fk_django_co; Type: FK CONSTRAINT; Schema: public; Owner: postgres
--

ALTER TABLE ONLY public.django_admin_log
    ADD CONSTRAINT django_admin_log_content_type_id_c4bce8eb_fk_django_co FOREIGN KEY (content_type_id) REFERENCES public.django_content_type(id) DEFERRABLE INITIALLY DEFERRED;


--
-- Name: django_admin_log django_admin_log_user_id_c564eba6_fk_store_customuser_id; Type: FK CONSTRAINT; Schema: public; Owner: postgres
--

ALTER TABLE ONLY public.django_admin_log
    ADD CONSTRAINT django_admin_log_user_id_c564eba6_fk_store_customuser_id FOREIGN KEY (user_id) REFERENCES public.store_customuser(id) DEFERRABLE INITIALLY DEFERRED;


--
-- Name: store_category store_category_parent_id_a6e736ff_fk_store_category_id; Type: FK CONSTRAINT; Schema: public; Owner: postgres
--

ALTER TABLE ONLY public.store_category
    ADD CONSTRAINT store_category_parent_id_a6e736ff_fk_store_category_id FOREIGN KEY (parent_id) REFERENCES public.store_category(id) DEFERRABLE INITIALLY DEFERRED;


--
-- Name: store_customuser_groups store_customuser_gro_customuser_id_43cfc1b5_fk_store_cus; Type: FK CONSTRAINT; Schema: public; Owner: postgres
--

ALTER TABLE ONLY public.store_customuser_groups
    ADD CONSTRAINT store_customuser_gro_customuser_id_43cfc1b5_fk_store_cus FOREIGN KEY (customuser_id) REFERENCES public.store_customuser(id) DEFERRABLE INITIALLY DEFERRED;


--
-- Name: store_customuser_groups store_customuser_groups_group_id_fef77dc1_fk_auth_group_id; Type: FK CONSTRAINT; Schema: public; Owner: postgres
--

ALTER TABLE ONLY public.store_customuser_groups
    ADD CONSTRAINT store_customuser_groups_group_id_fef77dc1_fk_auth_group_id FOREIGN KEY (group_id) REFERENCES public.auth_group(id) DEFERRABLE INITIALLY DEFERRED;


--
-- Name: store_customuser_user_permissions store_customuser_use_customuser_id_840e2c9f_fk_store_cus; Type: FK CONSTRAINT; Schema: public; Owner: postgres
--

ALTER TABLE ONLY public.store_customuser_user_permissions
    ADD CONSTRAINT store_customuser_use_customuser_id_840e2c9f_fk_store_cus FOREIGN KEY (customuser_id) REFERENCES public.store_customuser(id) DEFERRABLE INITIALLY DEFERRED;


--
-- Name: store_customuser_user_permissions store_customuser_use_permission_id_0a1c95d7_fk_auth_perm; Type: FK CONSTRAINT; Schema: public; Owner: postgres
--

ALTER TABLE ONLY public.store_customuser_user_permissions
    ADD CONSTRAINT store_customuser_use_permission_id_0a1c95d7_fk_auth_perm FOREIGN KEY (permission_id) REFERENCES public.auth_permission(id) DEFERRABLE INITIALLY DEFERRED;


--
-- Name: store_distributor store_distributor_user_id_2df7e8f8_fk_store_customuser_id; Type: FK CONSTRAINT; Schema: public; Owner: postgres
--

ALTER TABLE ONLY public.store_distributor
    ADD CONSTRAINT store_distributor_user_id_2df7e8f8_fk_store_customuser_id FOREIGN KEY (user_id) REFERENCES public.store_customuser(id) DEFERRABLE INITIALLY DEFERRED;


--
-- Name: store_order store_order_customer_id_13d6d43e_fk_store_customuser_id; Type: FK CONSTRAINT; Schema: public; Owner: postgres
--

ALTER TABLE ONLY public.store_order
    ADD CONSTRAINT store_order_customer_id_13d6d43e_fk_store_customuser_id FOREIGN KEY (customer_id) REFERENCES public.store_customuser(id) DEFERRABLE INITIALLY DEFERRED;


--
-- Name: store_orderitem store_orderitem_order_id_acf8722d_fk_store_order_id; Type: FK CONSTRAINT; Schema: public; Owner: postgres
--

ALTER TABLE ONLY public.store_orderitem
    ADD CONSTRAINT store_orderitem_order_id_acf8722d_fk_store_order_id FOREIGN KEY (order_id) REFERENCES public.store_order(id) DEFERRABLE INITIALLY DEFERRED;


--
-- Name: store_orderitem store_orderitem_product_id_f2b098d4_fk_store_product_id; Type: FK CONSTRAINT; Schema: public; Owner: postgres
--

ALTER TABLE ONLY public.store_orderitem
    ADD CONSTRAINT store_orderitem_product_id_f2b098d4_fk_store_product_id FOREIGN KEY (product_id) REFERENCES public.store_product(id) DEFERRABLE INITIALLY DEFERRED;


--
-- Name: store_product store_product_category_id_574bae65_fk_store_category_id; Type: FK CONSTRAINT; Schema: public; Owner: postgres
--

ALTER TABLE ONLY public.store_product
    ADD CONSTRAINT store_product_category_id_574bae65_fk_store_category_id FOREIGN KEY (category_id) REFERENCES public.store_category(id) DEFERRABLE INITIALLY DEFERRED;


--
-- Name: store_product store_product_distributor_id_5325c696_fk_store_distributor_id; Type: FK CONSTRAINT; Schema: public; Owner: postgres
--

ALTER TABLE ONLY public.store_product
    ADD CONSTRAINT store_product_distributor_id_5325c696_fk_store_distributor_id FOREIGN KEY (distributor_id) REFERENCES public.store_distributor(id) DEFERRABLE INITIALLY DEFERRED;


--
-- Name: store_productattribute store_productattribu_attribute_id_6946ed77_fk_store_att; Type: FK CONSTRAINT; Schema: public; Owner: postgres
--

ALTER TABLE ONLY public.store_productattribute
    ADD CONSTRAINT store_productattribu_attribute_id_6946ed77_fk_store_att FOREIGN KEY (attribute_id) REFERENCES public.store_attributename(id) DEFERRABLE INITIALLY DEFERRED;


--
-- Name: store_productattribute store_productattribute_product_id_f990fa19_fk_store_product_id; Type: FK CONSTRAINT; Schema: public; Owner: postgres
--

ALTER TABLE ONLY public.store_productattribute
    ADD CONSTRAINT store_productattribute_product_id_f990fa19_fk_store_product_id FOREIGN KEY (product_id) REFERENCES public.store_product(id) DEFERRABLE INITIALLY DEFERRED;


--
-- PostgreSQL database dump complete
--

