--
-- PostgreSQL database dump
--

-- Dumped from database version 16.3 (Debian 16.3-1.pgdg120+1)
-- Dumped by pg_dump version 16.4

-- Started on 2024-12-13 08:58:56 UTC

SET statement_timeout = 0;
SET lock_timeout = 0;
SET idle_in_transaction_session_timeout = 0;
SET client_encoding = 'UTF8';
SET standard_conforming_strings = on;
SELECT pg_catalog.set_config('search_path', '', false);
SET check_function_bodies = false;
SET xmloption = content;
SET client_min_messages = warning;
SET row_security = off;

SET default_tablespace = '';

SET default_table_access_method = heap;

--
-- TOC entry 215 (class 1259 OID 16390)
-- Name: auth_group; Type: TABLE; Schema: public; Owner: postgres
--

CREATE TABLE public.auth_group (
    id integer NOT NULL,
    name character varying(150) NOT NULL
);


ALTER TABLE public.auth_group OWNER TO postgres;

--
-- TOC entry 216 (class 1259 OID 16393)
-- Name: auth_group_id_seq; Type: SEQUENCE; Schema: public; Owner: postgres
--

ALTER TABLE public.auth_group ALTER COLUMN id ADD GENERATED BY DEFAULT AS IDENTITY (
    SEQUENCE NAME public.auth_group_id_seq
    START WITH 1
    INCREMENT BY 1
    NO MINVALUE
    NO MAXVALUE
    CACHE 1
);


--
-- TOC entry 217 (class 1259 OID 16394)
-- Name: auth_group_permissions; Type: TABLE; Schema: public; Owner: postgres
--

CREATE TABLE public.auth_group_permissions (
    id bigint NOT NULL,
    group_id integer NOT NULL,
    permission_id integer NOT NULL
);


ALTER TABLE public.auth_group_permissions OWNER TO postgres;

--
-- TOC entry 218 (class 1259 OID 16397)
-- Name: auth_group_permissions_id_seq; Type: SEQUENCE; Schema: public; Owner: postgres
--

ALTER TABLE public.auth_group_permissions ALTER COLUMN id ADD GENERATED BY DEFAULT AS IDENTITY (
    SEQUENCE NAME public.auth_group_permissions_id_seq
    START WITH 1
    INCREMENT BY 1
    NO MINVALUE
    NO MAXVALUE
    CACHE 1
);


--
-- TOC entry 219 (class 1259 OID 16398)
-- Name: auth_permission; Type: TABLE; Schema: public; Owner: postgres
--

CREATE TABLE public.auth_permission (
    id integer NOT NULL,
    name character varying(255) NOT NULL,
    content_type_id integer NOT NULL,
    codename character varying(100) NOT NULL
);


ALTER TABLE public.auth_permission OWNER TO postgres;

--
-- TOC entry 220 (class 1259 OID 16401)
-- Name: auth_permission_id_seq; Type: SEQUENCE; Schema: public; Owner: postgres
--

ALTER TABLE public.auth_permission ALTER COLUMN id ADD GENERATED BY DEFAULT AS IDENTITY (
    SEQUENCE NAME public.auth_permission_id_seq
    START WITH 1
    INCREMENT BY 1
    NO MINVALUE
    NO MAXVALUE
    CACHE 1
);


--
-- TOC entry 221 (class 1259 OID 16402)
-- Name: django_admin_log; Type: TABLE; Schema: public; Owner: postgres
--

CREATE TABLE public.django_admin_log (
    id integer NOT NULL,
    action_time timestamp with time zone NOT NULL,
    object_id text,
    object_repr character varying(200) NOT NULL,
    action_flag smallint NOT NULL,
    change_message text NOT NULL,
    content_type_id integer,
    user_id bigint NOT NULL,
    CONSTRAINT django_admin_log_action_flag_check CHECK ((action_flag >= 0))
);


ALTER TABLE public.django_admin_log OWNER TO postgres;

--
-- TOC entry 222 (class 1259 OID 16408)
-- Name: django_admin_log_id_seq; Type: SEQUENCE; Schema: public; Owner: postgres
--

ALTER TABLE public.django_admin_log ALTER COLUMN id ADD GENERATED BY DEFAULT AS IDENTITY (
    SEQUENCE NAME public.django_admin_log_id_seq
    START WITH 1
    INCREMENT BY 1
    NO MINVALUE
    NO MAXVALUE
    CACHE 1
);


--
-- TOC entry 223 (class 1259 OID 16409)
-- Name: django_content_type; Type: TABLE; Schema: public; Owner: postgres
--

CREATE TABLE public.django_content_type (
    id integer NOT NULL,
    app_label character varying(100) NOT NULL,
    model character varying(100) NOT NULL
);


ALTER TABLE public.django_content_type OWNER TO postgres;

--
-- TOC entry 224 (class 1259 OID 16412)
-- Name: django_content_type_id_seq; Type: SEQUENCE; Schema: public; Owner: postgres
--

ALTER TABLE public.django_content_type ALTER COLUMN id ADD GENERATED BY DEFAULT AS IDENTITY (
    SEQUENCE NAME public.django_content_type_id_seq
    START WITH 1
    INCREMENT BY 1
    NO MINVALUE
    NO MAXVALUE
    CACHE 1
);


--
-- TOC entry 225 (class 1259 OID 16413)
-- Name: django_migrations; Type: TABLE; Schema: public; Owner: postgres
--

CREATE TABLE public.django_migrations (
    id bigint NOT NULL,
    app character varying(255) NOT NULL,
    name character varying(255) NOT NULL,
    applied timestamp with time zone NOT NULL
);


ALTER TABLE public.django_migrations OWNER TO postgres;

--
-- TOC entry 226 (class 1259 OID 16418)
-- Name: django_migrations_id_seq; Type: SEQUENCE; Schema: public; Owner: postgres
--

ALTER TABLE public.django_migrations ALTER COLUMN id ADD GENERATED BY DEFAULT AS IDENTITY (
    SEQUENCE NAME public.django_migrations_id_seq
    START WITH 1
    INCREMENT BY 1
    NO MINVALUE
    NO MAXVALUE
    CACHE 1
);


--
-- TOC entry 227 (class 1259 OID 16419)
-- Name: django_session; Type: TABLE; Schema: public; Owner: postgres
--

CREATE TABLE public.django_session (
    session_key character varying(40) NOT NULL,
    session_data text NOT NULL,
    expire_date timestamp with time zone NOT NULL
);


ALTER TABLE public.django_session OWNER TO postgres;

--
-- TOC entry 228 (class 1259 OID 16424)
-- Name: store_attributename; Type: TABLE; Schema: public; Owner: postgres
--

CREATE TABLE public.store_attributename (
    id bigint NOT NULL,
    name character varying(255) NOT NULL
);


ALTER TABLE public.store_attributename OWNER TO postgres;

--
-- TOC entry 229 (class 1259 OID 16427)
-- Name: store_attributename_id_seq; Type: SEQUENCE; Schema: public; Owner: postgres
--

ALTER TABLE public.store_attributename ALTER COLUMN id ADD GENERATED BY DEFAULT AS IDENTITY (
    SEQUENCE NAME public.store_attributename_id_seq
    START WITH 1
    INCREMENT BY 1
    NO MINVALUE
    NO MAXVALUE
    CACHE 1
);


--
-- TOC entry 230 (class 1259 OID 16428)
-- Name: store_category; Type: TABLE; Schema: public; Owner: postgres
--

CREATE TABLE public.store_category (
    id bigint NOT NULL,
    name character varying(255) NOT NULL,
    description text NOT NULL,
    slug character varying(50) NOT NULL,
    image character varying(100),
    parent_id bigint,
    is_active boolean NOT NULL
);


ALTER TABLE public.store_category OWNER TO postgres;

--
-- TOC entry 231 (class 1259 OID 16433)
-- Name: store_category_id_seq; Type: SEQUENCE; Schema: public; Owner: postgres
--

ALTER TABLE public.store_category ALTER COLUMN id ADD GENERATED BY DEFAULT AS IDENTITY (
    SEQUENCE NAME public.store_category_id_seq
    START WITH 1
    INCREMENT BY 1
    NO MINVALUE
    NO MAXVALUE
    CACHE 1
);


--
-- TOC entry 232 (class 1259 OID 16434)
-- Name: store_customuser; Type: TABLE; Schema: public; Owner: postgres
--

CREATE TABLE public.store_customuser (
    id bigint NOT NULL,
    password character varying(128) NOT NULL,
    last_login timestamp with time zone,
    is_superuser boolean NOT NULL,
    username character varying(150) NOT NULL,
    first_name character varying(150) NOT NULL,
    last_name character varying(150) NOT NULL,
    email character varying(254) NOT NULL,
    is_staff boolean NOT NULL,
    is_active boolean NOT NULL,
    date_joined timestamp with time zone NOT NULL,
    user_type smallint,
    phone_number character varying(15) NOT NULL,
    CONSTRAINT store_customuser_user_type_aff68b9f_check CHECK ((user_type >= 0))
);


ALTER TABLE public.store_customuser OWNER TO postgres;

--
-- TOC entry 233 (class 1259 OID 16440)
-- Name: store_customuser_groups; Type: TABLE; Schema: public; Owner: postgres
--

CREATE TABLE public.store_customuser_groups (
    id bigint NOT NULL,
    customuser_id bigint NOT NULL,
    group_id integer NOT NULL
);


ALTER TABLE public.store_customuser_groups OWNER TO postgres;

--
-- TOC entry 234 (class 1259 OID 16443)
-- Name: store_customuser_groups_id_seq; Type: SEQUENCE; Schema: public; Owner: postgres
--

ALTER TABLE public.store_customuser_groups ALTER COLUMN id ADD GENERATED BY DEFAULT AS IDENTITY (
    SEQUENCE NAME public.store_customuser_groups_id_seq
    START WITH 1
    INCREMENT BY 1
    NO MINVALUE
    NO MAXVALUE
    CACHE 1
);


--
-- TOC entry 235 (class 1259 OID 16444)
-- Name: store_customuser_id_seq; Type: SEQUENCE; Schema: public; Owner: postgres
--

ALTER TABLE public.store_customuser ALTER COLUMN id ADD GENERATED BY DEFAULT AS IDENTITY (
    SEQUENCE NAME public.store_customuser_id_seq
    START WITH 1
    INCREMENT BY 1
    NO MINVALUE
    NO MAXVALUE
    CACHE 1
);


--
-- TOC entry 236 (class 1259 OID 16445)
-- Name: store_customuser_user_permissions; Type: TABLE; Schema: public; Owner: postgres
--

CREATE TABLE public.store_customuser_user_permissions (
    id bigint NOT NULL,
    customuser_id bigint NOT NULL,
    permission_id integer NOT NULL
);


ALTER TABLE public.store_customuser_user_permissions OWNER TO postgres;

--
-- TOC entry 237 (class 1259 OID 16448)
-- Name: store_customuser_user_permissions_id_seq; Type: SEQUENCE; Schema: public; Owner: postgres
--

ALTER TABLE public.store_customuser_user_permissions ALTER COLUMN id ADD GENERATED BY DEFAULT AS IDENTITY (
    SEQUENCE NAME public.store_customuser_user_permissions_id_seq
    START WITH 1
    INCREMENT BY 1
    NO MINVALUE
    NO MAXVALUE
    CACHE 1
);


--
-- TOC entry 238 (class 1259 OID 16449)
-- Name: store_distributor; Type: TABLE; Schema: public; Owner: postgres
--

CREATE TABLE public.store_distributor (
    id bigint NOT NULL,
    company_name character varying(255) NOT NULL,
    address text NOT NULL,
    created_at timestamp with time zone,
    updated_at timestamp with time zone,
    user_id bigint NOT NULL,
    is_active boolean NOT NULL
);


ALTER TABLE public.store_distributor OWNER TO postgres;

--
-- TOC entry 239 (class 1259 OID 16454)
-- Name: store_distributor_id_seq; Type: SEQUENCE; Schema: public; Owner: postgres
--

ALTER TABLE public.store_distributor ALTER COLUMN id ADD GENERATED BY DEFAULT AS IDENTITY (
    SEQUENCE NAME public.store_distributor_id_seq
    START WITH 1
    INCREMENT BY 1
    NO MINVALUE
    NO MAXVALUE
    CACHE 1
);


--
-- TOC entry 240 (class 1259 OID 16455)
-- Name: store_order; Type: TABLE; Schema: public; Owner: postgres
--

CREATE TABLE public.store_order (
    id bigint NOT NULL,
    status character varying(20) NOT NULL,
    total_price numeric(10,2) NOT NULL,
    created_at timestamp with time zone NOT NULL,
    updated_at timestamp with time zone NOT NULL,
    customer_id bigint NOT NULL
);


ALTER TABLE public.store_order OWNER TO postgres;

--
-- TOC entry 241 (class 1259 OID 16458)
-- Name: store_order_id_seq; Type: SEQUENCE; Schema: public; Owner: postgres
--

ALTER TABLE public.store_order ALTER COLUMN id ADD GENERATED BY DEFAULT AS IDENTITY (
    SEQUENCE NAME public.store_order_id_seq
    START WITH 1
    INCREMENT BY 1
    NO MINVALUE
    NO MAXVALUE
    CACHE 1
);


--
-- TOC entry 242 (class 1259 OID 16459)
-- Name: store_orderitem; Type: TABLE; Schema: public; Owner: postgres
--

CREATE TABLE public.store_orderitem (
    id bigint NOT NULL,
    quantity integer NOT NULL,
    price numeric(10,2) NOT NULL,
    order_id bigint NOT NULL,
    product_id bigint NOT NULL,
    CONSTRAINT store_orderitem_quantity_check CHECK ((quantity >= 0))
);


ALTER TABLE public.store_orderitem OWNER TO postgres;

--
-- TOC entry 243 (class 1259 OID 16463)
-- Name: store_orderitem_id_seq; Type: SEQUENCE; Schema: public; Owner: postgres
--

ALTER TABLE public.store_orderitem ALTER COLUMN id ADD GENERATED BY DEFAULT AS IDENTITY (
    SEQUENCE NAME public.store_orderitem_id_seq
    START WITH 1
    INCREMENT BY 1
    NO MINVALUE
    NO MAXVALUE
    CACHE 1
);


--
-- TOC entry 244 (class 1259 OID 16464)
-- Name: store_product; Type: TABLE; Schema: public; Owner: postgres
--

CREATE TABLE public.store_product (
    id bigint NOT NULL,
    name character varying(255) NOT NULL,
    description text NOT NULL,
    price numeric(10,0) NOT NULL,
    ref character varying(50) NOT NULL,
    stock integer NOT NULL,
    image character varying(100),
    created_at timestamp with time zone,
    updated_at timestamp with time zone,
    category_id bigint,
    distributor_id bigint NOT NULL,
    brand character varying(100) NOT NULL,
    slug character varying NOT NULL,
    is_active boolean NOT NULL,
    discount_percentage numeric(5,2),
    discounted_price numeric(10,2),
    is_discounted boolean NOT NULL,
    featured_order integer,
    is_featured boolean NOT NULL,
    CONSTRAINT store_product_featured_order_check CHECK ((featured_order >= 0)),
    CONSTRAINT store_product_stock_check CHECK ((stock >= 0))
);


ALTER TABLE public.store_product OWNER TO postgres;

--
-- TOC entry 245 (class 1259 OID 16470)
-- Name: store_product_id_seq; Type: SEQUENCE; Schema: public; Owner: postgres
--

ALTER TABLE public.store_product ALTER COLUMN id ADD GENERATED BY DEFAULT AS IDENTITY (
    SEQUENCE NAME public.store_product_id_seq
    START WITH 1
    INCREMENT BY 1
    NO MINVALUE
    NO MAXVALUE
    CACHE 1
);


--
-- TOC entry 246 (class 1259 OID 16471)
-- Name: store_productattribute; Type: TABLE; Schema: public; Owner: postgres
--

CREATE TABLE public.store_productattribute (
    id bigint NOT NULL,
    value character varying(255) NOT NULL,
    product_id bigint NOT NULL,
    attribute_id bigint NOT NULL
);


ALTER TABLE public.store_productattribute OWNER TO postgres;

--
-- TOC entry 247 (class 1259 OID 16474)
-- Name: store_productattribute_id_seq; Type: SEQUENCE; Schema: public; Owner: postgres
--

ALTER TABLE public.store_productattribute ALTER COLUMN id ADD GENERATED BY DEFAULT AS IDENTITY (
    SEQUENCE NAME public.store_productattribute_id_seq
    START WITH 1
    INCREMENT BY 1
    NO MINVALUE
    NO MAXVALUE
    CACHE 1
);


--
-- TOC entry 3525 (class 0 OID 16390)
-- Dependencies: 215
-- Data for Name: auth_group; Type: TABLE DATA; Schema: public; Owner: postgres
--

COPY public.auth_group (id, name) FROM stdin;
\.


--
-- TOC entry 3527 (class 0 OID 16394)
-- Dependencies: 217
-- Data for Name: auth_group_permissions; Type: TABLE DATA; Schema: public; Owner: postgres
--

COPY public.auth_group_permissions (id, group_id, permission_id) FROM stdin;
\.


--
-- TOC entry 3529 (class 0 OID 16398)
-- Dependencies: 219
-- Data for Name: auth_permission; Type: TABLE DATA; Schema: public; Owner: postgres
--

COPY public.auth_permission (id, name, content_type_id, codename) FROM stdin;
1	Can add log entry	1	add_logentry
2	Can change log entry	1	change_logentry
3	Can delete log entry	1	delete_logentry
4	Can view log entry	1	view_logentry
5	Can add permission	2	add_permission
6	Can change permission	2	change_permission
7	Can delete permission	2	delete_permission
8	Can view permission	2	view_permission
9	Can add group	3	add_group
10	Can change group	3	change_group
11	Can delete group	3	delete_group
12	Can view group	3	view_group
13	Can add content type	4	add_contenttype
14	Can change content type	4	change_contenttype
15	Can delete content type	4	delete_contenttype
16	Can view content type	4	view_contenttype
17	Can add session	5	add_session
18	Can change session	5	change_session
19	Can delete session	5	delete_session
20	Can view session	5	view_session
21	Can add category	6	add_category
22	Can change category	6	change_category
23	Can delete category	6	delete_category
24	Can view category	6	view_category
25	Can add user	7	add_customuser
26	Can change user	7	change_customuser
27	Can delete user	7	delete_customuser
28	Can view user	7	view_customuser
29	Can add distributor	8	add_distributor
30	Can change distributor	8	change_distributor
31	Can delete distributor	8	delete_distributor
32	Can view distributor	8	view_distributor
33	Can add product	9	add_product
34	Can change product	9	change_product
35	Can delete product	9	delete_product
36	Can view product	9	view_product
37	Can add order	10	add_order
38	Can change order	10	change_order
39	Can delete order	10	delete_order
40	Can view order	10	view_order
41	Can add order item	11	add_orderitem
42	Can change order item	11	change_orderitem
43	Can delete order item	11	delete_orderitem
44	Can view order item	11	view_orderitem
45	Can add product attribute	12	add_productattribute
46	Can change product attribute	12	change_productattribute
47	Can delete product attribute	12	delete_productattribute
48	Can view product attribute	12	view_productattribute
49	Can add attribute name	13	add_attributename
50	Can change attribute name	13	change_attributename
51	Can delete attribute name	13	delete_attributename
52	Can view attribute name	13	view_attributename
\.


--
-- TOC entry 3531 (class 0 OID 16402)
-- Dependencies: 221
-- Data for Name: django_admin_log; Type: TABLE DATA; Schema: public; Owner: postgres
--

COPY public.django_admin_log (id, action_time, object_id, object_repr, action_flag, change_message, content_type_id, user_id) FROM stdin;
1	2024-08-22 08:23:44.795289+00	5	username4	1	[{"added": {}}]	7	4
2	2024-08-22 08:24:41.150648+00	2	Distribuidor Ejemplo	2	[{"changed": {"fields": ["user", "Phone number"]}}]	8	4
3	2024-08-27 00:15:04.161926+00	5	username4	2	[{"changed": {"fields": ["company_name"]}}]	7	4
4	2024-08-27 00:15:33.054994+00	2	Distribuidor Ejemplo	2	[{"changed": {"fields": ["Address"]}}]	8	4
5	2024-08-27 00:19:34.025983+00	1	cliente	2	[{"changed": {"fields": ["password"]}}]	7	4
6	2024-08-27 00:29:08.275153+00	1	cliente	2	[{"changed": {"fields": ["Staff status"]}}]	7	4
7	2024-08-27 00:29:57.311809+00	1	cliente	2	[{"changed": {"fields": ["password"]}}]	7	4
8	2024-08-27 00:30:03.916233+00	1	cliente	2	[]	7	4
9	2024-08-27 00:32:28.245152+00	1	cliente	2	[{"changed": {"fields": ["User permissions"]}}]	7	4
10	2024-08-27 05:02:51.996432+00	5	username4	2	[{"changed": {"fields": ["Staff status", "User permissions"]}}]	7	4
11	2024-08-27 05:06:03.304559+00	5	username4	2	[{"changed": {"fields": ["User permissions"]}}]	7	4
12	2024-08-27 05:08:09.895958+00	6	customer001	1	[{"added": {}}]	7	4
13	2024-08-27 05:08:21.084063+00	6	customer001	2	[{"changed": {"fields": ["company_name", "address"]}}]	7	4
14	2024-08-27 05:10:25.14414+00	7	distributor001	1	[{"added": {}}]	7	4
15	2024-08-27 05:11:00.098881+00	7	distributor001	2	[{"changed": {"fields": ["User permissions"]}}]	7	4
16	2024-08-27 05:15:20.915007+00	3	TapDisk	1	[{"added": {}}]	8	4
17	2024-08-27 05:17:08.764297+00	7	distributor001	2	[]	7	4
18	2024-08-27 05:18:40.825009+00	7	distributor001	2	[{"changed": {"fields": ["User permissions"]}}]	7	4
19	2024-08-27 05:24:06.089276+00	2	inversores	1	[{"added": {}}]	6	4
20	2024-08-27 05:25:07.786133+00	2	inversor	1	[{"added": {}}]	9	4
21	2024-08-27 05:26:27.193553+00	2	inversor	2	[{"changed": {"fields": ["Distributor"]}}]	9	5
22	2024-08-27 05:26:40.101575+00	2	inversor	2	[{"changed": {"fields": ["Distributor"]}}]	9	5
23	2024-08-27 05:34:21.907011+00	1	Panel Solar 300W	2	[{"changed": {"fields": ["Distributor"]}}]	9	5
24	2024-08-27 05:39:52.752388+00	2	inversor	2	[{"changed": {"fields": ["Distributor"]}}]	9	4
25	2024-09-01 21:45:24.66963+00	7	distributor001	2	[{"changed": {"fields": ["User permissions"]}}]	7	4
26	2024-09-01 21:45:52.802503+00	5	username4	2	[{"changed": {"fields": ["User permissions"]}}]	7	4
27	2024-09-01 22:27:40.391368+00	7	distributor001	2	[{"changed": {"fields": ["User permissions"]}}]	7	4
28	2024-09-01 22:29:44.288586+00	1	cliente	2	[{"changed": {"fields": ["User permissions"]}}]	7	4
29	2024-09-01 22:41:18.585545+00	1	cliente	2	[{"changed": {"fields": ["User permissions"]}}]	7	4
30	2024-09-01 22:45:19.986952+00	1	cliente	2	[{"changed": {"fields": ["User permissions"]}}]	7	1
31	2024-09-02 00:12:57.415769+00	8	Usernamve8	1	[{"added": {}}]	7	4
32	2024-09-02 00:25:46.232146+00	8	Usernamve8	3		7	4
33	2024-09-02 00:26:18.769026+00	9	username5	1	[{"added": {}}]	7	4
34	2024-09-02 00:32:53.830674+00	9	username5	3		7	4
35	2024-09-02 00:33:16.498992+00	10	username5	1	[{"added": {}}]	7	4
36	2024-09-12 16:00:58.085305+00	1	Panel Solar 300W	2	[{"changed": {"fields": ["Distributor"]}}]	9	4
37	2024-09-12 16:01:22.52432+00	2	inversor	2	[{"changed": {"fields": ["Distributor"]}}]	9	4
38	2024-09-12 21:52:53.717614+00	2	inversor	2	[{"changed": {"fields": ["Image"]}}]	9	7
39	2024-09-12 22:01:24.070982+00	3	TapDisk	2	[{"changed": {"fields": ["Address"]}}]	8	7
40	2024-09-12 22:52:21.021231+00	1	Panel Solar 300W	2	[{"changed": {"fields": ["Image"]}}]	9	4
41	2024-09-23 09:24:02.18419+00	3	Baterias Solares	1	[{"added": {}}]	6	4
42	2024-09-23 09:26:47.747488+00	3	Bateria Solar	2	[{"changed": {"fields": ["Category", "Image"]}}]	9	4
43	2024-10-02 20:18:45.514468+00	3	Bateria Solar	2	[{"added": {"name": "product attribute", "object": "Bateria Solar - Corriente: 20 A"}}]	9	4
44	2024-10-02 21:40:05.258915+00	1	Potencia	1	[{"added": {}}]	13	4
45	2024-10-02 21:40:45.286916+00	3	Bateria Solar	2	[{"added": {"name": "product attribute", "object": "Potencia: 20 A"}}]	9	4
46	2024-10-02 22:14:21.305472+00	2	inversor	2	[{"added": {"name": "product attribute", "object": "Potencia: 10 A"}}]	9	4
47	2024-10-02 22:15:58.034667+00	7	distributor001	2	[{"changed": {"fields": ["User permissions"]}}]	7	4
48	2024-10-25 02:47:06.384632+00	3	Sistemas Fotovoltaicos	2	[{"changed": {"fields": ["Name", "Slug", "Description"]}}]	6	4
49	2024-10-25 02:48:24.929729+00	4	Panel Solar	1	[{"added": {}}]	6	4
50	2024-10-25 02:48:29.491992+00	3	Sistemas Fotovoltaicos	2	[{"changed": {"fields": ["Parent"]}}]	6	4
51	2024-10-25 03:31:31.379943+00	4	Panel Solar	3		6	4
52	2024-10-25 03:31:33.717556+00	3	Sistemas Fotovoltaicos	2	[]	6	4
53	2024-10-25 03:32:10.858606+00	1	Paneles Solares	2	[{"changed": {"fields": ["Slug", "Parent"]}}]	6	4
54	2024-10-25 03:32:31.075619+00	3	Bateria Solar	2	[{"changed": {"fields": ["Category"]}}]	9	4
55	2024-10-25 03:52:04.119994+00	5	Electrodomésticos Solares	1	[{"added": {}}]	6	4
56	2024-10-25 03:52:21.03284+00	3	Sistemas Fotovoltaicos	2	[{"changed": {"fields": ["Slug"]}}]	6	4
57	2024-10-25 03:52:55.529783+00	6	Conectividad y Seguridad	1	[{"added": {}}]	6	4
58	2024-10-25 03:54:34.045102+00	2	Inversores Sistemas Aislados	2	[{"changed": {"fields": ["Name", "Slug", "Description", "Parent"]}}]	6	4
59	2024-10-25 03:55:01.651348+00	7	Baterías de Litio	1	[{"added": {}}]	6	4
60	2024-10-25 03:55:55.322245+00	8	Baterías de Ciclo Profundo	1	[{"added": {}}]	6	4
61	2024-10-25 03:56:28.352711+00	9	Controlador de Carga PWM	1	[{"added": {}}]	6	4
62	2024-10-25 03:56:50.106557+00	10	Controlador de Carga MPPT	1	[{"added": {}}]	6	4
63	2024-10-25 03:57:30.98004+00	11	Inversores Conexión de Red	1	[{"added": {}}]	6	4
64	2024-10-25 03:57:58.092196+00	12	Cargadores de Baterías	1	[{"added": {}}]	6	4
65	2024-10-25 03:58:37.161218+00	13	Convertidores DC/AC	1	[{"added": {}}]	6	4
66	2024-10-25 03:58:58.550097+00	14	Puentes de Diodos	1	[{"added": {}}]	6	4
67	2024-10-25 03:59:30.209952+00	15	Aires Acondicionados	1	[{"added": {}}]	6	4
68	2024-10-25 03:59:47.183807+00	16	Congeladores	1	[{"added": {}}]	6	4
69	2024-10-25 03:59:59.93222+00	17	Neveras	1	[{"added": {}}]	6	4
70	2024-10-25 04:00:14.538633+00	18	Televisores	1	[{"added": {}}]	6	4
71	2024-10-25 04:00:39.658391+00	19	Ventiladores	1	[{"added": {}}]	6	4
72	2024-10-25 04:00:52.939469+00	20	Licuadoras	1	[{"added": {}}]	6	4
73	2024-10-25 04:01:23.837543+00	21	Cámaras de Seguridad	1	[{"added": {}}]	6	4
74	2024-10-25 04:01:36.612837+00	22	DVR	1	[{"added": {}}]	6	4
75	2024-10-25 04:01:48.481728+00	23	Antenas	1	[{"added": {}}]	6	4
76	2024-10-25 04:05:22.054265+00	24	Repetidores	1	[{"added": {}}]	6	4
77	2024-10-25 04:05:51.674372+00	25	Lámparas	1	[{"added": {}}]	6	4
78	2024-10-25 04:07:45.85787+00	26	Reflectores	1	[{"added": {}}]	6	4
79	2024-10-25 04:13:18.586184+00	1	Paneles Solares	2	[{"changed": {"fields": ["Slug"]}}]	6	4
80	2024-10-25 04:13:50.213541+00	1	Paneles Solares	2	[{"changed": {"fields": ["Slug"]}}]	6	4
81	2024-10-25 05:24:26.214057+00	3	Bateria Solar	2	[{"changed": {"fields": ["Slug"]}}]	9	4
82	2024-10-25 05:24:51.032943+00	2	inversor	2	[{"changed": {"fields": ["Slug"]}}]	9	4
83	2024-10-25 05:24:59.488855+00	1	Panel Solar 300W	2	[{"changed": {"fields": ["Slug"]}}]	9	4
84	2024-10-25 05:25:45.477147+00	3	Bateria Solar de Litio RMFT	2	[{"changed": {"fields": ["Name", "Category"]}}]	9	4
85	2024-10-25 05:26:33.803902+00	3	Bateria Solar de Litio RMFT	2	[{"changed": {"fields": ["Slug"]}}]	9	4
86	2024-10-25 19:18:30.297021+00	1	Paneles Solares	2	[{"changed": {"fields": ["Image"]}}]	6	4
87	2024-10-25 19:18:54.845457+00	2	Inversores Sistemas Aislados	2	[{"changed": {"fields": ["Image"]}}]	6	4
88	2024-10-25 19:19:08.754783+00	26	Reflectores	2	[{"changed": {"fields": ["Image"]}}]	6	4
89	2024-10-25 19:19:19.265492+00	25	Lámparas	2	[{"changed": {"fields": ["Image"]}}]	6	4
90	2024-10-25 19:19:34.189368+00	24	Repetidores	2	[{"changed": {"fields": ["Image"]}}]	6	4
91	2024-10-25 19:19:50.405174+00	23	Antenas	2	[{"changed": {"fields": ["Image"]}}]	6	4
92	2024-10-25 19:20:26.360504+00	22	DVR	2	[{"changed": {"fields": ["Image"]}}]	6	4
93	2024-10-25 19:20:37.674963+00	21	Cámaras de Seguridad	2	[{"changed": {"fields": ["Image"]}}]	6	4
94	2024-10-25 19:20:47.323067+00	20	Licuadoras	2	[{"changed": {"fields": ["Image"]}}]	6	4
95	2024-10-25 19:20:56.34933+00	19	Ventiladores	2	[{"changed": {"fields": ["Image"]}}]	6	4
96	2024-10-25 19:21:06.113005+00	18	Televisores	2	[{"changed": {"fields": ["Image"]}}]	6	4
97	2024-10-25 19:21:16.717143+00	17	Neveras	2	[{"changed": {"fields": ["Image"]}}]	6	4
98	2024-10-25 19:21:27.246598+00	16	Congeladores	2	[{"changed": {"fields": ["Image"]}}]	6	4
99	2024-10-25 19:21:35.769363+00	15	Aires Acondicionados	2	[{"changed": {"fields": ["Image"]}}]	6	4
100	2024-10-25 19:21:48.063175+00	14	Puentes de Diodos	2	[{"changed": {"fields": ["Image"]}}]	6	4
101	2024-10-25 19:22:04.668396+00	13	Convertidores DC/AC	2	[{"changed": {"fields": ["Image"]}}]	6	4
102	2024-10-25 19:22:13.710146+00	12	Cargadores de Baterías	2	[{"changed": {"fields": ["Image"]}}]	6	4
103	2024-10-25 19:22:31.618779+00	11	Inversores Conexión de Red	2	[{"changed": {"fields": ["Image"]}}]	6	4
104	2024-10-25 19:22:40.963309+00	10	Controlador de Carga MPPT	2	[{"changed": {"fields": ["Image"]}}]	6	4
105	2024-10-25 19:22:50.708959+00	9	Controlador de Carga PWM	2	[{"changed": {"fields": ["Image"]}}]	6	4
106	2024-10-25 19:23:05.924106+00	8	Baterías de Ciclo Profundo	2	[{"changed": {"fields": ["Image"]}}]	6	4
107	2024-10-25 19:23:15.183063+00	7	Baterías de Litio	2	[{"changed": {"fields": ["Image"]}}]	6	4
108	2024-11-13 07:57:34.349766+00	4	Panel Solar 500W Borde laminado Oscuro	1	[{"added": {}}]	9	4
109	2024-11-13 08:28:39.181614+00	4	Panel Solar 500W Borde laminado Oscuro	2	[{"changed": {"fields": ["Image"]}}]	9	4
110	2024-11-13 08:44:06.249458+00	4	Panel Solar 500W Borde laminado Oscuro hocdasjcnkajsndckajsndkcjasdkcjsd	2	[{"changed": {"fields": ["Name"]}}]	9	4
111	2024-11-13 09:30:30.175697+00	1	Panel Solar 300W	2	[{"added": {"name": "product attribute", "object": "Potencia: 20 A"}}]	9	4
112	2024-11-15 04:01:57.330567+00	4	Panel Solar 500W Borde laminado Oscuro hocdasjcnkajs	2	[{"changed": {"fields": ["Name"]}}]	9	4
113	2024-11-15 04:02:20.94959+00	4	Panel Solar 500W Borde laminado Oscuro hocdasjcnkajs	2	[{"added": {"name": "product attribute", "object": "Potencia: 20 A"}}]	9	4
114	2024-11-15 04:06:45.500203+00	4	Panel Solar 500W Borde laminado Oscuro hocdasjcnkajs	2	[{"changed": {"fields": ["Description"]}}]	9	4
115	2024-11-15 04:31:21.720608+00	4	Panel Solar 500W Borde laminado Oscuro hocdasjcnkajs	2	[{"changed": {"fields": ["Description"]}}]	9	4
116	2024-11-17 07:54:24.187403+00	7	distributor001	2	[{"changed": {"fields": ["User permissions"]}}]	7	4
117	2024-11-17 08:25:47.351346+00	4	Order 4 - cliente2 - Pending	2	[{"deleted": {"name": "order item", "object": "inversor (1)"}}]	10	4
118	2024-11-17 08:26:10.420973+00	4	Order 4 - cliente2 - Processed	2	[{"changed": {"fields": ["Status"]}}]	10	4
119	2024-11-17 09:33:40.820484+00	2	Order 2 - distributor001 - Processed	2	[{"changed": {"fields": ["Status"]}}]	10	4
120	2024-11-17 09:40:14.452482+00	5	Order 5 - distributor001 - Shipped	2	[{"changed": {"fields": ["Status"]}}]	10	4
121	2024-12-09 23:08:44.518523+00	4	Panel Solar 500W Borde laminado Oscuro hocdasjcnkajs	2	[]	9	4
122	2024-12-09 23:09:02.736426+00	3	Bateria Solar de Litio RMFT	2	[]	9	4
123	2024-12-09 23:09:17.376688+00	2	inversor	2	[{"changed": {"fields": ["Price"]}}]	9	4
124	2024-12-09 23:09:31.308383+00	1	Panel Solar 300W	2	[{"changed": {"fields": ["Price"]}}]	9	4
125	2024-12-10 02:29:44.136883+00	27	Kits Fotovoltaicos	1	[{"added": {}}]	6	4
126	2024-12-10 03:32:38.138698+00	4	Panel Solar 500W Borde laminado Oscuro hocdasjcnkajs	2	[{"changed": {"fields": ["\\u00bfEst\\u00e1 en descuento?", "Precio con descuento"]}}]	9	4
127	2024-12-10 04:53:53.279222+00	4	Panel Solar 500W Borde laminado Oscuro hocdasjcnkajs	2	[{"changed": {"fields": ["\\u00bfEs destacado?", "Orden destacado (1-8)"]}}]	9	4
128	2024-12-10 07:22:54.435291+00	6	customer001	2	[{"changed": {"fields": ["Staff status"]}}]	7	4
129	2024-12-10 07:24:06.448839+00	10	username5	3		7	4
130	2024-12-10 07:24:42.664414+00	11	distributor002	3		7	4
131	2024-12-10 07:24:59.32746+00	6	customer001	3		7	4
132	2024-12-10 07:25:32.329444+00	7	Order 7 - cliente2 - Pending	3		10	4
133	2024-12-10 07:25:32.330056+00	6	Order 6 - distributor001 - Pending	3		10	4
134	2024-12-10 07:25:32.330299+00	5	Order 5 - distributor001 - Shipped	3		10	4
135	2024-12-10 07:25:32.330368+00	4	Order 4 - cliente2 - Processed	3		10	4
136	2024-12-10 07:25:32.330422+00	3	Order 3 - cliente - Pending	3		10	4
137	2024-12-10 07:25:32.330476+00	2	Order 2 - distributor001 - Processed	3		10	4
138	2024-12-10 08:28:33.611401+00	13	Entelco	1	[{"added": {}}]	7	4
139	2024-12-10 08:48:45.244812+00	14	asd	1	[{"added": {}}]	7	4
140	2024-12-10 08:49:39.656885+00	14	asd	3		7	4
141	2024-12-10 08:52:52.439141+00	15	asd	1	[{"added": {}}]	7	4
142	2024-12-10 08:53:11.513646+00	15	asd	3		7	4
143	2024-12-10 08:53:59.229994+00	16	asd	1	[{"added": {}}]	7	4
144	2024-12-10 08:59:02.752041+00	16	asd	3		7	4
145	2024-12-10 08:59:30.002042+00	17	asd	1	[{"added": {}}]	7	4
146	2024-12-10 08:59:40.857848+00	17	asd	3		7	4
147	2024-12-10 09:00:16.608605+00	4	Entelco SAS	1	[{"added": {}}]	8	4
148	2024-12-10 10:16:17.159339+00	13	Entelco	2	[{"changed": {"fields": ["User permissions"]}}]	7	4
149	2024-12-10 10:22:11.835792+00	5	Internet Satelital Antena Starlink	1	[{"added": {}}]	9	13
150	2024-12-10 10:26:18.493174+00	6	Electrodoméstico Solar Aire Acondicionado	1	[{"added": {}}]	9	13
151	2024-12-10 10:29:04.998036+00	7	Sistema Fotovoltaico Residencial Premium	1	[{"added": {}}]	9	13
152	2024-12-10 10:32:11.027434+00	8	¡Pack Paneles Solares con Descuento!	1	[{"added": {}}]	9	13
153	2024-12-10 10:34:22.432899+00	8	¡Pack Paneles Solares con Descuento!	2	[{"changed": {"fields": ["Category"]}}]	9	13
154	2024-12-10 10:56:18.470165+00	9	Cámaras de vigilancia WIFI con Visión Nocturna X2	1	[{"added": {}}]	9	13
155	2024-12-10 10:59:17.880734+00	10	Batería GEL de ciclo profundo Aokly 12V 40AH	1	[{"added": {}}]	9	13
156	2024-12-10 11:02:55.411734+00	11	Lámpara Solar Todo en Uno 50W-500W	1	[{"added": {}}]	9	13
157	2024-12-10 11:10:32.285521+00	11	Lámpara Solar Todo en Uno 50W-500W	2	[{"changed": {"fields": ["Precio con descuento"]}}]	9	13
158	2024-12-10 11:15:22.526089+00	12	Congelador Solar Doble Tapa 430LT - 710LT	1	[{"added": {}}]	9	13
159	2024-12-10 11:22:41.952877+00	12	Congelador Solar Doble Tapa 430LT - 710LT	2	[]	9	13
160	2024-12-10 11:24:19.883499+00	7	Sistema Fotovoltaico Residencial Premium	2	[{"changed": {"fields": ["Description"]}}]	9	13
161	2024-12-10 11:26:34.457055+00	1	Panel Solar 300W	2	[{"changed": {"fields": ["Is active"]}}]	9	4
162	2024-12-10 13:02:08.378072+00	7	Sistema Fotovoltaico Residencial Premium	2	[{"changed": {"fields": ["\\u00bfEs destacado?", "Orden destacado (1-8)"]}}]	9	13
163	2024-12-10 13:05:26.581366+00	7	Sistema Fotovoltaico Residencial Premium	2	[{"changed": {"fields": ["\\u00bfEs destacado?", "Orden destacado (1-8)"]}}]	9	13
164	2024-12-10 13:22:52.5949+00	4	Panel Solar 500W Borde laminado Oscuro hocdasjcnkajs	2	[{"changed": {"fields": ["\\u00bfEs destacado?", "Orden destacado (1-8)"]}}]	9	4
165	2024-12-10 15:14:49.935498+00	8	¡Pack Paneles Solares con Descuento!	2	[{"changed": {"fields": ["Description"]}}]	9	4
166	2024-12-10 15:46:59.065707+00	12	Congelador Solar Doble Tapa 430LT - 710LT	2	[{"changed": {"fields": ["Image"]}}]	9	4
167	2024-12-10 15:48:17.729018+00	12	Congelador Solar Doble Tapa 430LT - 710LT	2	[{"changed": {"fields": ["\\u00bfEs destacado?", "Orden destacado (1-8)"]}}]	9	4
168	2024-12-10 15:48:51.219378+00	12	Congelador Solar Doble Tapa 430LT - 710LT	2	[{"changed": {"fields": ["\\u00bfEs destacado?", "Orden destacado (1-8)"]}}]	9	4
169	2024-12-10 15:55:47.106068+00	8	¡Pack Paneles Solares con Descuento!	2	[{"changed": {"fields": ["Precio con descuento"]}}]	9	4
170	2024-12-11 00:16:30.975503+00	12	Congelador Solar Doble Tapa 430LT - 710LT	2	[{"changed": {"fields": ["Price", "Precio con descuento"]}}]	9	13
171	2024-12-11 00:23:41.226051+00	12	Congelador Solar Doble Tapa 430LT - 710LT	2	[{"changed": {"fields": ["Image"]}}]	9	13
172	2024-12-11 00:24:27.315764+00	12	Congelador Solar Doble Tapa 430LT - 710LT	2	[{"changed": {"fields": ["Image"]}}]	9	13
173	2024-12-11 00:24:53.893559+00	12	Congelador Solar Doble Tapa 430LT - 710LT	2	[{"changed": {"fields": ["Image"]}}]	9	13
174	2024-12-11 21:38:02.960485+00	12	Congelador Solar Doble Tapa 430LT - 710LT	2	[{"changed": {"fields": ["Is active"]}}]	9	13
175	2024-12-11 23:37:46.66685+00	8	Order 8 - Entelco - Processed	2	[{"changed": {"fields": ["Status"]}}]	10	13
176	2024-12-11 23:40:13.22695+00	10	Order 10 - cliente2 - Processed	2	[{"changed": {"fields": ["Status"]}}]	10	13
177	2024-12-11 23:52:31.349243+00	11	Order 11 - cliente2 - Processed	2	[{"changed": {"fields": ["Status"]}}]	10	13
178	2024-12-12 00:02:41.831168+00	12	Order 12 - cliente2 - Processed	2	[{"changed": {"fields": ["Status"]}}]	10	13
179	2024-12-12 00:38:59.367961+00	12	Order 12 - cliente2 - Processed	3		10	4
180	2024-12-12 00:38:59.368134+00	11	Order 11 - cliente2 - Processed	3		10	4
181	2024-12-12 00:38:59.368191+00	10	Order 10 - cliente2 - Processed	3		10	4
182	2024-12-12 00:38:59.368239+00	9	Order 9 - Entelco - Pending	3		10	4
183	2024-12-12 00:41:58.440982+00	13	Order 13 - cliente2 - Processed	2	[{"changed": {"fields": ["Status"]}}]	10	13
184	2024-12-12 00:50:08.870223+00	13	Order 13 - cliente2 - Processed	3		10	13
185	2024-12-12 01:01:53.714668+00	17	Order 17 - cliente2 - Processed	2	[{"changed": {"fields": ["Status"]}}]	10	13
186	2024-12-12 01:47:02.609239+00	12	Congelador Solar Doble Tapa 430LT - 710LT	2	[{"added": {"name": "product attribute", "object": "Potencia: 10 A"}}]	9	13
187	2024-12-12 01:47:16.929035+00	18	Order 18 - cliente2 - Processed	2	[{"changed": {"fields": ["Status"]}}]	10	13
188	2024-12-12 20:50:30.061419+00	18	test1	1	[{"added": {}}]	7	4
189	2024-12-12 20:50:45.277922+00	18	test1	3		7	4
190	2024-12-12 20:51:14.419494+00	19	test2	1	[{"added": {}}]	7	4
191	2024-12-12 20:51:29.391483+00	19	test2	3		7	4
192	2024-12-12 20:52:56.925216+00	28	test1	1	[{"added": {}}]	6	4
193	2024-12-12 20:53:04.307899+00	28	test1	3		6	4
\.


--
-- TOC entry 3533 (class 0 OID 16409)
-- Dependencies: 223
-- Data for Name: django_content_type; Type: TABLE DATA; Schema: public; Owner: postgres
--

COPY public.django_content_type (id, app_label, model) FROM stdin;
1	admin	logentry
2	auth	permission
3	auth	group
4	contenttypes	contenttype
5	sessions	session
6	store	category
7	store	customuser
8	store	distributor
9	store	product
10	store	order
11	store	orderitem
12	store	productattribute
13	store	attributename
\.


--
-- TOC entry 3535 (class 0 OID 16413)
-- Dependencies: 225
-- Data for Name: django_migrations; Type: TABLE DATA; Schema: public; Owner: postgres
--

COPY public.django_migrations (id, app, name, applied) FROM stdin;
1	contenttypes	0001_initial	2024-08-22 07:36:19.318199+00
2	contenttypes	0002_remove_content_type_name	2024-08-22 07:36:19.328291+00
3	auth	0001_initial	2024-08-22 07:36:19.422977+00
4	auth	0002_alter_permission_name_max_length	2024-08-22 07:36:19.422977+00
5	auth	0003_alter_user_email_max_length	2024-08-22 07:36:19.437552+00
6	auth	0004_alter_user_username_opts	2024-08-22 07:36:19.44501+00
7	auth	0005_alter_user_last_login_null	2024-08-22 07:36:19.452858+00
8	auth	0006_require_contenttypes_0002	2024-08-22 07:36:19.454057+00
9	auth	0007_alter_validators_add_error_messages	2024-08-22 07:36:19.461688+00
10	auth	0008_alter_user_username_max_length	2024-08-22 07:36:19.468144+00
11	auth	0009_alter_user_last_name_max_length	2024-08-22 07:36:19.476273+00
12	auth	0010_alter_group_name_max_length	2024-08-22 07:36:19.488457+00
13	auth	0011_update_proxy_permissions	2024-08-22 07:36:19.496328+00
14	auth	0012_alter_user_first_name_max_length	2024-08-22 07:36:19.502972+00
15	store	0001_initial	2024-08-22 07:36:19.686945+00
16	admin	0001_initial	2024-08-22 07:36:19.745916+00
17	admin	0002_logentry_remove_auto_add	2024-08-22 07:36:19.747558+00
18	admin	0003_logentry_add_action_flag_choices	2024-08-22 07:36:19.764785+00
19	sessions	0001_initial	2024-08-22 07:36:19.797618+00
20	store	0002_remove_distributor_status_category_slug_and_more	2024-08-22 07:36:19.905411+00
21	store	0002_alter_customuser_user_type	2024-08-22 08:04:41.425031+00
22	store	0003_remove_product_brand_alter_distributor_created_at_and_more	2024-08-22 08:12:48.522983+00
23	store	0004_product_brand	2024-08-22 08:14:25.200296+00
24	store	0005_remove_distributor_phone_number_and_more	2024-09-01 19:16:35.126789+00
25	store	0006_order_orderitem	2024-09-12 23:31:05.042403+00
26	store	0007_remove_product_dimensions_remove_product_efficiency_and_more	2024-10-02 19:19:56.429896+00
27	store	0008_attributename_remove_productattribute_name_and_more	2024-10-02 21:00:08.391426+00
28	store	0009_category_image_category_parent	2024-10-25 02:32:31.611504+00
30	store	0009_category_image_category_parent_product_slug	2024-10-25 04:35:31.802105+00
31	store	0010_alter_product_slug	2024-10-25 05:23:00.668342+00
32	store	0011_product_is_active_alter_product_slug	2024-10-25 05:30:52.75067+00
33	store	0012_category_is_active	2024-10-25 05:38:59.023255+00
34	store	0013_rename_sku_product_ref	2024-12-09 22:53:30.956606+00
35	store	0014_alter_product_price	2024-12-09 23:49:00.54261+00
36	store	0015_alter_attributename_options_alter_category_options_and_more	2024-12-10 02:25:42.44122+00
37	store	0016_product_discount_percentage_product_discounted_price_and_more	2024-12-10 03:29:38.902274+00
38	store	0017_product_featured_order_product_is_featured	2024-12-10 04:53:01.284229+00
39	store	0018_alter_product_discount_percentage	2024-12-10 11:09:51.520878+00
\.


--
-- TOC entry 3537 (class 0 OID 16419)
-- Dependencies: 227
-- Data for Name: django_session; Type: TABLE DATA; Schema: public; Owner: postgres
--

COPY public.django_session (session_key, session_data, expire_date) FROM stdin;
x9wmx1lqoxwz4drtm1j1zjn5beefguh4	.eJxVjEEOwiAQRe_C2hAsMIBL9z0DGQZGqoYmpV0Z765NutDtf-_9l4i4rTVuvSxxyuIinDj9bgnpUdoO8h3bbZY0t3WZktwVedAuxzmX5_Vw_w4q9vqttbWkBzROAXl2CT0YCKEgKEthIOVYB8vFgdLGeyY-mwwWPGMOWKx4fwDMuTee:1swABC:fesdHhkwzduq1DjHJt25pqvYxPhoWj7B1pLK6XuQhMY	2024-10-17 00:58:54.974092+00
a8bgo9ok8uqdzu7ejxr45ku82xcm50rh	.eJxVjEEOwiAQRe_C2hAsMIBL9z0DGQZGqoYmpV0Z765NutDtf-_9l4i4rTVuvSxxyuIinDj9bgnpUdoO8h3bbZY0t3WZktwVedAuxzmX5_Vw_w4q9vqttbWkBzROAXl2CT0YCKEgKEthIOVYB8vFgdLGeyY-mwwWPGMOWKx4fwDMuTee:1tCcQ9:H17VH-2KYdE2dISDd9OFsSjZj6To0Hfb6PDi3PNvkAs	2024-12-01 10:22:21.970679+00
itf4c2d9r07f9v024mc0539byqmwxgcc	.eJxVjEEOwiAQRe_C2hAsMIBL9z0DGQZGqoYmpV0Z765NutDtf-_9l4i4rTVuvSxxyuIinDj9bgnpUdoO8h3bbZY0t3WZktwVedAuxzmX5_Vw_w4q9vqttbWkBzROAXl2CT0YCKEgKEthIOVYB8vFgdLGeyY-mwwWPGMOWKx4fwDMuTee:1sybgo:VlngqgHy2tb3PCZ7vYWBlG1jmJJQWdtoRCYFep5xFks	2024-10-23 18:45:38.813453+00
ttwibgbd110cabu1zh4gwm6lt95dg2jv	.eJxVjDsOwjAQBe_iGln-Y1PS5wzWenfBAeRIcVIh7k4ipYB2Zt57iwzrUvPaec4jiYtw4vTLCuCT2y7oAe0-SZzaMo9F7ok8bJfDRPy6Hu3fQYVetzVHNDcDNjAgmXBOmh15bVUskb0NxiEqDdoCaaSSNl5M0CWB80GxFZ8v7qQ35w:1t4IoJ:x6H9f8crPuFl5s0SHwS5A0fJlzDAva_Fg5mRc3sRsfQ	2024-11-08 11:48:55.058812+00
h8uqe8j8qwec1pg6u6cucb3ewlshuym3	.eJxVjMsOwiAQRf-FtSHMCO3g0r3fQBgeUjU0Ke3K-O_SpAvd3nPOfQvnt7W4raXFTVFcBKA4_Y7swzPVncSHr_dZhrmuy8RyV-RBm7zNMb2uh_t3UHwrvabBmsAKE2nWVg-GFRjUxtsIxEAYSSmTz52MAIbGhMRK5W5DyhjE5wvO-zaw:1tLYYF:1_MeTmLz-iaBHMcTZ2xGyU0GJ-dDvj99NjUJ8sk7E-s	2024-12-26 02:03:39.482775+00
ww7u5v0m3zimbc10uqxtreuopjl4ibwy	.eJxVjMsOwiAQRf-FtSFDy6O4dO83kIEZpGogKe3K-O_apAvd3nPOfYmA21rC1nkJM4mz0OL0u0VMD647oDvWW5Op1XWZo9wVedAur434eTncv4OCvXxrBssQadQOHSjlM0zKGZWNomRy9BZ8tIOLOIyGLCeXkT0RZdCopmzE-wPcYTgy:1tLq0U:lFmNBOf9K6CMd5sDvbW9NF2sS5fRINCiNvFmVf_9FII	2024-12-26 20:41:58.365314+00
axslf302acal2meogv7x6tm76yvfbwkk	.eJxVjMsOwiAQRf-FtSFDy6O4dO83kIEZpGogKe3K-O_apAvd3nPOfYmA21rC1nkJM4mz0OL0u0VMD647oDvWW5Op1XWZo9wVedAur434eTncv4OCvXxrBssQadQOHSjlM0zKGZWNomRy9BZ8tIOLOIyGLCeXkT0RZdCopmzE-wPcYTgy:1tCurX:VI7n7SomAjx46Moh9D-xi_UiQNODcI4gaZKX5xkRfo4	2024-12-02 06:03:51.728421+00
l1t6jba89d3nm2aygnk1k06ss1akgnzy	.eJxVjMsOwiAQRf-FtSFDy6O4dO83kIEZpGogKe3K-O_apAvd3nPOfYmA21rC1nkJM4mz0OL0u0VMD647oDvWW5Op1XWZo9wVedAur434eTncv4OCvXxrBssQadQOHSjlM0zKGZWNomRy9BZ8tIOLOIyGLCeXkT0RZdCopmzE-wPcYTgy:1tCw0A:jrzhiEdSoieIzNlfpe29Re-S7ADtMGTW0FfWnEIaKhI	2024-12-02 07:16:50.499786+00
jtzat5t9t8xey7eukbu8l4338yafs94i	.eJxVjMsOwiAQRf-FtSFDy6O4dO83kIEZpGogKe3K-O_apAvd3nPOfYmA21rC1nkJM4mz0OL0u0VMD647oDvWW5Op1XWZo9wVedAur434eTncv4OCvXxrBssQadQOHSjlM0zKGZWNomRy9BZ8tIOLOIyGLCeXkT0RZdCopmzE-wPcYTgy:1tDmdf:IDi2xRi-Si4NT0tPAR1yMy4LOD2FVCjiCoxD9fxRvjQ	2024-12-04 15:29:07.922751+00
ryqgcifzyztdw4w8jk3cpbum0p0ls9t7	.eJxVjEEOwiAQRe_C2hCEAo5L956BzAyDVA1NSrsy3l2bdKHb_977L5VwXWpau8xpzOqsojr8boT8kLaBfMd2mzRPbZlH0puid9r1dcryvOzu30HFXr81iLUkxQFkiujYBmIxIOQpQiAMQEQDOBeN5XIavPfWgIFS-BgwB_X-AAJsOEc:1tDmf9:mrhs7lh0YRngTmWR1aXWaRn5r3ykxInEz9pYYIcg7CI	2024-12-04 15:30:39.237625+00
11fu7ip1pdglctwhhlfhl7wna4mx47f7	.eJxVjMsOwiAQRf-FtSHMCO3g0r3fQBgeUjU0Ke3K-O_SpAvd3nPOfQvnt7W4raXFTVFcBKA4_Y7swzPVncSHr_dZhrmuy8RyV-RBm7zNMb2uh_t3UHwrvabBmsAKE2nWVg-GFRjUxtsIxEAYSSmTz52MAIbGhMRK5W5DyhjE5wvO-zaw:1tDmkq:jgQZ2mS2XGe5-CJRaXJxoGwGVWOSTphGfml_bOWinEE	2024-12-04 15:36:32.772171+00
\.


--
-- TOC entry 3538 (class 0 OID 16424)
-- Dependencies: 228
-- Data for Name: store_attributename; Type: TABLE DATA; Schema: public; Owner: postgres
--

COPY public.store_attributename (id, name) FROM stdin;
1	Potencia
\.


--
-- TOC entry 3540 (class 0 OID 16428)
-- Dependencies: 230
-- Data for Name: store_category; Type: TABLE DATA; Schema: public; Owner: postgres
--

COPY public.store_category (id, name, description, slug, image, parent_id, is_active) FROM stdin;
5	Electrodomésticos Solares		electrodomesticos-solares		\N	t
3	Sistemas Fotovoltaicos	Sistemas de energía	sistemas-fotovoltaicos		\N	t
6	Conectividad y Seguridad		conectividad-seguridad		\N	t
1	Paneles Solares	Categoría de paneles solares de alta eficiencia	panel-solar	category_images/cat-paneles-solares.png	3	t
2	Inversores Sistemas Aislados		inversor-sistema-aislado	category_images/cat-inversores-aislados.png	3	t
26	Reflectores		reflector	category_images/cat-reflectores.png	6	t
25	Lámparas		lampara	category_images/cat-lamparas.png	6	t
24	Repetidores		repetidor	category_images/cat-repetidores.png	6	t
23	Antenas		antena	category_images/cat-antenas.png	6	t
22	DVR		dvr	category_images/cat-dvr.png	6	t
21	Cámaras de Seguridad		camara-seguridad	category_images/cat-camaras.png	6	t
20	Licuadoras		licuadora	category_images/cat-licuadoras.png	5	t
19	Ventiladores		ventilador	category_images/cat-ventiladores.png	5	t
18	Televisores		televisor	category_images/cat-televisores.png	5	t
17	Neveras		nevera	category_images/cat-neveras.png	5	t
16	Congeladores		congelador	category_images/cat-congeladores.png	5	t
15	Aires Acondicionados		aire-acondicionado	category_images/cat-aire-acondicionado.png	5	t
14	Puentes de Diodos		puente-diodo	category_images/cat-puente-diodos.png	3	t
13	Convertidores DC/AC		convertidor-ac-dc	category_images/cat-convertidores-ac.png	3	t
12	Cargadores de Baterías		cargador-baterias	category_images/cat-cargadores-baterias.png	3	t
11	Inversores Conexión de Red		inversor-conexion-red	category_images/cat-inversores-red.png	3	t
10	Controlador de Carga MPPT		controlador-carga-mppt	category_images/cat-controlador-mppt.png	3	t
9	Controlador de Carga PWM		controlador-carga-pwm	category_images/cat-controlador-pwm.png	3	t
8	Baterías de Ciclo Profundo		bateria-ciclo-profundo	category_images/cat-baterias-ciclo.png	3	t
7	Baterías de Litio		bateria-litio	category_images/cat-baterias-litio.png	3	t
27	Kits Fotovoltaicos		kits-fotovoltaicos	category_images/Combo-energia.png	3	t
\.


--
-- TOC entry 3542 (class 0 OID 16434)
-- Dependencies: 232
-- Data for Name: store_customuser; Type: TABLE DATA; Schema: public; Owner: postgres
--

COPY public.store_customuser (id, password, last_login, is_superuser, username, first_name, last_name, email, is_staff, is_active, date_joined, user_type, phone_number) FROM stdin;
5	pbkdf2_sha256$870000$AbNVnXq8cPHxwPkRFgblKM$1i2iiWJZgKulCSEaaCWLotywr+l+FevVeyR7U/0TJmM=	2024-09-01 22:24:11.908088+00	f	username4	oliver	velasquez	o2@gmail.com	t	t	2024-08-22 08:23:43+00	2	
1	pbkdf2_sha256$870000$30KaU4sSQU8dSOXOyKO3FU$bwtyJtl9B0pXUun67MApveQXhNtko4JJppKfpezM2s0=	2024-11-14 22:25:46.147756+00	f	cliente	ClienteOne	ApellidoCliente	cliente1@example.com	t	t	2024-08-22 08:22:02+00	1	3208808381
13	pbkdf2_sha256$870000$v14XZo3Vpq6rfBw9PtgpUy$YXxp6bkyXW9dVVTu8SDZ8TJiiuNlvvd/6NVRUGIaS6o=	2024-12-12 02:01:45.466255+00	f	Entelco			entelcosoluciones@gmail.com	t	t	2024-12-10 08:21:01+00	2	
12	pbkdf2_sha256$870000$z0ZdEEPVPZW8IXziKXyxJ1$vdC1i1jusG/HYz/iMOVh6CU7dSqjl2mN018CMegVjJ4=	2024-12-12 02:03:39.476108+00	f	cliente2	ClienteTwo1	ApellidoClienteTWO	cliente2@example.com	f	t	2024-11-14 23:57:48.329401+00	1	
4	pbkdf2_sha256$870000$qiDAjoqqBgCQuzJ0epw0Nt$YvMoBu/UsQG5n6nA5IsOIriQEZXs/KvExeSpPeXCzjU=	2024-12-12 20:41:58.35334+00	t	admin				t	t	2024-08-22 08:04:56.325293+00	3	
7	pbkdf2_sha256$870000$QX4wNUDHEsnNwHEG9PlgJf$LPgxvilt25010lHiBQNn8v0DMn3i0DVOmwj0vXIRK4A=	2024-12-10 00:32:18.162344+00	f	distributor001	dis		dis@gmail.com	t	t	2024-08-27 05:10:23+00	2	
\.


--
-- TOC entry 3543 (class 0 OID 16440)
-- Dependencies: 233
-- Data for Name: store_customuser_groups; Type: TABLE DATA; Schema: public; Owner: postgres
--

COPY public.store_customuser_groups (id, customuser_id, group_id) FROM stdin;
\.


--
-- TOC entry 3546 (class 0 OID 16445)
-- Dependencies: 236
-- Data for Name: store_customuser_user_permissions; Type: TABLE DATA; Schema: public; Owner: postgres
--

COPY public.store_customuser_user_permissions (id, customuser_id, permission_id) FROM stdin;
1	1	26
3	5	33
4	5	34
5	5	35
7	7	33
8	7	34
9	7	35
10	7	36
12	5	30
13	7	30
15	7	45
16	7	46
17	7	47
18	7	48
19	7	49
20	7	50
21	7	51
22	7	52
23	7	37
24	7	38
25	7	39
26	7	40
27	7	41
28	7	42
29	7	43
30	7	44
31	13	21
32	13	22
33	13	23
34	13	24
35	13	25
36	13	26
37	13	27
38	13	28
39	13	29
40	13	30
41	13	31
42	13	32
43	13	33
44	13	34
45	13	35
46	13	36
47	13	37
48	13	38
49	13	39
50	13	40
51	13	41
52	13	42
53	13	43
54	13	44
55	13	45
56	13	46
57	13	47
58	13	48
59	13	49
60	13	50
61	13	51
62	13	52
\.


--
-- TOC entry 3548 (class 0 OID 16449)
-- Dependencies: 238
-- Data for Name: store_distributor; Type: TABLE DATA; Schema: public; Owner: postgres
--

COPY public.store_distributor (id, company_name, address, created_at, updated_at, user_id, is_active) FROM stdin;
2	Distribuidor Ejemplo	Dirección Ejemplo2	2024-08-22 07:59:42+00	2024-08-27 00:15:33.052992+00	5	t
3	TapDisk	121212123	2024-08-27 05:15:20.905008+00	2024-09-12 22:01:24.068984+00	7	t
4	Entelco SAS		2024-12-10 09:00:16.485697+00	2024-12-10 09:00:16.485719+00	13	t
\.


--
-- TOC entry 3550 (class 0 OID 16455)
-- Dependencies: 240
-- Data for Name: store_order; Type: TABLE DATA; Schema: public; Owner: postgres
--

COPY public.store_order (id, status, total_price, created_at, updated_at, customer_id) FROM stdin;
17	processed	15000000.00	2024-12-12 00:58:17.2451+00	2024-12-12 01:01:53.713058+00	12
18	processed	3000000.00	2024-12-12 01:04:58.845072+00	2024-12-12 01:47:16.927336+00	12
19	pending	3000000.00	2024-12-12 02:03:28.778062+00	2024-12-12 02:03:28.813843+00	13
1	pending	4250000.00	2024-09-12 23:31:19.296858+00	2024-12-10 23:54:17.662613+00	4
8	processed	1850000.00	2024-12-10 10:14:25.766763+00	2024-12-11 23:37:46.664292+00	13
\.


--
-- TOC entry 3552 (class 0 OID 16459)
-- Dependencies: 242
-- Data for Name: store_orderitem; Type: TABLE DATA; Schema: public; Owner: postgres
--

COPY public.store_orderitem (id, quantity, price, order_id, product_id) FROM stdin;
37	2	2000000.00	1	4
51	1	250000.00	1	11
53	1	600000.00	8	10
52	2	250000.00	8	11
71	2	3000000.00	17	8
72	2	2000000.00	17	4
73	1	5000000.00	17	7
75	1	3000000.00	18	8
76	1	3000000.00	19	8
\.


--
-- TOC entry 3554 (class 0 OID 16464)
-- Dependencies: 244
-- Data for Name: store_product; Type: TABLE DATA; Schema: public; Owner: postgres
--

COPY public.store_product (id, name, description, price, ref, stock, image, created_at, updated_at, category_id, distributor_id, brand, slug, is_active, discount_percentage, discounted_price, is_discounted, featured_order, is_featured) FROM stdin;
3	Bateria Solar de Litio RMFT	Suministra energia	10000	bat-1002	0	products/Bateria-Solar.png	2024-09-23 08:58:07.144644+00	2024-12-09 23:09:02.734574+00	7	3	No brand	bateria-solar-de-litio-rmft	t	\N	\N	f	\N	f
2	inversor	invierte	100000	inv-01	10	products/inversor.jpg	2024-08-27 05:25:07.781987+00	2024-12-09 23:09:17.374269+00	2	3	Samsung	inversor	t	\N	\N	f	\N	f
11	Lámpara Solar Todo en Uno 50W-500W		250000	lampara-01	0	products/prom-lampara.png	2024-12-10 11:02:55.408063+00	2024-12-10 11:10:32.28328+00	25	4	No brand	lampara-solar-todo-en-uno-50w-500w	t	20.00	200000.00	t	6	t
5	Internet Satelital Antena Starlink		200000	antena-starlink	10	products/cat-antenas.png	2024-12-10 10:22:11.725567+00	2024-12-10 10:22:11.831911+00	23	4	Starlink	internet-satelital-antena-starlink	t	\N	\N	f	2	t
6	Electrodoméstico Solar Aire Acondicionado		1000000	aire-acondicionado-1	0	products/solar-air.png	2024-12-10 10:26:18.488561+00	2024-12-10 10:26:18.490908+00	15	4	No brand	electrodomestico-solar-aire-acondicionado	t	\N	\N	f	3	t
9	Cámaras de vigilancia WIFI con Visión Nocturna X2		500000	camara-01	0	products/prom-camaras.png	2024-12-10 10:56:18.46542+00	2024-12-10 10:56:18.467545+00	21	4	No brand	camaras-de-vigilancia-wifi-con-vision-nocturna-x2	t	40.00	300000.00	t	5	t
10	Batería GEL de ciclo profundo Aokly 12V 40AH		600000	bateria-ciclo-profundo-01	0	products/prom-bateria.png	2024-12-10 10:59:17.876784+00	2024-12-10 10:59:17.878272+00	8	4	Aokly	bateria-gel-de-ciclo-profundo-aokly-12v-40ah	t	16.67	500000.00	t	7	t
12	Congelador Solar Doble Tapa 430LT - 710LT		2000000	congelador-dual-01	0	products/prom-congelador_EFt7PCH.png	2024-12-10 11:15:22.518363+00	2024-12-12 01:47:02.596483+00	16	4	No brand	congelador-solar-doble-tapa-430lt-710lt	f	50.00	1000000.00	t	8	t
1	Panel Solar 300W	Panel solar de alta eficiencia 300W	2000000	PS300W	50	products/panelsolar.jpg	2024-08-22 07:59:42+00	2024-12-10 11:26:34.455374+00	1	2	No brand	panel-solar-300w	f	\N	\N	f	\N	f
8	¡Pack Paneles Solares con Descuento!	Incluye paneles solares de distintas capacidades para cubrir el consumo familiar. Ahorra 20% y obtén soporte técnico gratis el primer año.	3000000	panel-01	0	products/prom-paneles.png	2024-12-10 10:32:11.023521+00	2024-12-10 15:55:47.103453+00	1	4	No brand	pack-paneles-solares-con-descuento	t	35.00	1950000.00	t	4	t
7	Sistema Fotovoltaico Residencial Premium	Ahorra hasta un 80% en tu factura de luz. Incluye paneles solares, inversor y baterías. Instalación incluida.	5000000	kit-01	0	products/Combo-energia.png	2024-12-10 10:29:04.994432+00	2024-12-10 13:05:26.578913+00	27	4	No brand	sistema-fotovoltaico-residencial-premium	t	\N	\N	f	1	t
4	Panel Solar 500W Borde laminado Oscuro hocdasjcnkajs	Descubre la potencia del sol con este panel solar monocristalino de 300W, ideal para instalaciones de autoconsumo y proyectos de energía renovable en residencias y comercios. Diseñado con la última tecnología en celdas monocristalinas, este panel garantiza una alta eficiencia de conversión energética, incluso en condiciones de poca luz.	2000000	panel-500	0	products/cat-paneles-solares.png	2024-11-13 07:57:34.333945+00	2024-12-10 13:22:52.592325+00	1	3	No brand	panel-solar-500w-borde-laminado-oscuro	t	50.00	1000000.00	t	\N	f
\.


--
-- TOC entry 3556 (class 0 OID 16471)
-- Dependencies: 246
-- Data for Name: store_productattribute; Type: TABLE DATA; Schema: public; Owner: postgres
--

COPY public.store_productattribute (id, value, product_id, attribute_id) FROM stdin;
2	20 A	3	1
3	10 A	2	1
4	20 A	1	1
5	20 A	4	1
6	10 A	12	1
\.


--
-- TOC entry 3563 (class 0 OID 0)
-- Dependencies: 216
-- Name: auth_group_id_seq; Type: SEQUENCE SET; Schema: public; Owner: postgres
--

SELECT pg_catalog.setval('public.auth_group_id_seq', 1, false);


--
-- TOC entry 3564 (class 0 OID 0)
-- Dependencies: 218
-- Name: auth_group_permissions_id_seq; Type: SEQUENCE SET; Schema: public; Owner: postgres
--

SELECT pg_catalog.setval('public.auth_group_permissions_id_seq', 1, false);


--
-- TOC entry 3565 (class 0 OID 0)
-- Dependencies: 220
-- Name: auth_permission_id_seq; Type: SEQUENCE SET; Schema: public; Owner: postgres
--

SELECT pg_catalog.setval('public.auth_permission_id_seq', 52, true);


--
-- TOC entry 3566 (class 0 OID 0)
-- Dependencies: 222
-- Name: django_admin_log_id_seq; Type: SEQUENCE SET; Schema: public; Owner: postgres
--

SELECT pg_catalog.setval('public.django_admin_log_id_seq', 193, true);


--
-- TOC entry 3567 (class 0 OID 0)
-- Dependencies: 224
-- Name: django_content_type_id_seq; Type: SEQUENCE SET; Schema: public; Owner: postgres
--

SELECT pg_catalog.setval('public.django_content_type_id_seq', 13, true);


--
-- TOC entry 3568 (class 0 OID 0)
-- Dependencies: 226
-- Name: django_migrations_id_seq; Type: SEQUENCE SET; Schema: public; Owner: postgres
--

SELECT pg_catalog.setval('public.django_migrations_id_seq', 39, true);


--
-- TOC entry 3569 (class 0 OID 0)
-- Dependencies: 229
-- Name: store_attributename_id_seq; Type: SEQUENCE SET; Schema: public; Owner: postgres
--

SELECT pg_catalog.setval('public.store_attributename_id_seq', 1, true);


--
-- TOC entry 3570 (class 0 OID 0)
-- Dependencies: 231
-- Name: store_category_id_seq; Type: SEQUENCE SET; Schema: public; Owner: postgres
--

SELECT pg_catalog.setval('public.store_category_id_seq', 28, true);


--
-- TOC entry 3571 (class 0 OID 0)
-- Dependencies: 234
-- Name: store_customuser_groups_id_seq; Type: SEQUENCE SET; Schema: public; Owner: postgres
--

SELECT pg_catalog.setval('public.store_customuser_groups_id_seq', 1, false);


--
-- TOC entry 3572 (class 0 OID 0)
-- Dependencies: 235
-- Name: store_customuser_id_seq; Type: SEQUENCE SET; Schema: public; Owner: postgres
--

SELECT pg_catalog.setval('public.store_customuser_id_seq', 19, true);


--
-- TOC entry 3573 (class 0 OID 0)
-- Dependencies: 237
-- Name: store_customuser_user_permissions_id_seq; Type: SEQUENCE SET; Schema: public; Owner: postgres
--

SELECT pg_catalog.setval('public.store_customuser_user_permissions_id_seq', 62, true);


--
-- TOC entry 3574 (class 0 OID 0)
-- Dependencies: 239
-- Name: store_distributor_id_seq; Type: SEQUENCE SET; Schema: public; Owner: postgres
--

SELECT pg_catalog.setval('public.store_distributor_id_seq', 4, true);


--
-- TOC entry 3575 (class 0 OID 0)
-- Dependencies: 241
-- Name: store_order_id_seq; Type: SEQUENCE SET; Schema: public; Owner: postgres
--

SELECT pg_catalog.setval('public.store_order_id_seq', 19, true);


--
-- TOC entry 3576 (class 0 OID 0)
-- Dependencies: 243
-- Name: store_orderitem_id_seq; Type: SEQUENCE SET; Schema: public; Owner: postgres
--

SELECT pg_catalog.setval('public.store_orderitem_id_seq', 76, true);


--
-- TOC entry 3577 (class 0 OID 0)
-- Dependencies: 245
-- Name: store_product_id_seq; Type: SEQUENCE SET; Schema: public; Owner: postgres
--

SELECT pg_catalog.setval('public.store_product_id_seq', 12, true);


--
-- TOC entry 3578 (class 0 OID 0)
-- Dependencies: 247
-- Name: store_productattribute_id_seq; Type: SEQUENCE SET; Schema: public; Owner: postgres
--

SELECT pg_catalog.setval('public.store_productattribute_id_seq', 6, true);


--
-- TOC entry 3289 (class 2606 OID 16476)
-- Name: auth_group auth_group_name_key; Type: CONSTRAINT; Schema: public; Owner: postgres
--

ALTER TABLE ONLY public.auth_group
    ADD CONSTRAINT auth_group_name_key UNIQUE (name);


--
-- TOC entry 3294 (class 2606 OID 16478)
-- Name: auth_group_permissions auth_group_permissions_group_id_permission_id_0cd325b0_uniq; Type: CONSTRAINT; Schema: public; Owner: postgres
--

ALTER TABLE ONLY public.auth_group_permissions
    ADD CONSTRAINT auth_group_permissions_group_id_permission_id_0cd325b0_uniq UNIQUE (group_id, permission_id);


--
-- TOC entry 3297 (class 2606 OID 16480)
-- Name: auth_group_permissions auth_group_permissions_pkey; Type: CONSTRAINT; Schema: public; Owner: postgres
--

ALTER TABLE ONLY public.auth_group_permissions
    ADD CONSTRAINT auth_group_permissions_pkey PRIMARY KEY (id);


--
-- TOC entry 3291 (class 2606 OID 16482)
-- Name: auth_group auth_group_pkey; Type: CONSTRAINT; Schema: public; Owner: postgres
--

ALTER TABLE ONLY public.auth_group
    ADD CONSTRAINT auth_group_pkey PRIMARY KEY (id);


--
-- TOC entry 3300 (class 2606 OID 16484)
-- Name: auth_permission auth_permission_content_type_id_codename_01ab375a_uniq; Type: CONSTRAINT; Schema: public; Owner: postgres
--

ALTER TABLE ONLY public.auth_permission
    ADD CONSTRAINT auth_permission_content_type_id_codename_01ab375a_uniq UNIQUE (content_type_id, codename);


--
-- TOC entry 3302 (class 2606 OID 16486)
-- Name: auth_permission auth_permission_pkey; Type: CONSTRAINT; Schema: public; Owner: postgres
--

ALTER TABLE ONLY public.auth_permission
    ADD CONSTRAINT auth_permission_pkey PRIMARY KEY (id);


--
-- TOC entry 3305 (class 2606 OID 16488)
-- Name: django_admin_log django_admin_log_pkey; Type: CONSTRAINT; Schema: public; Owner: postgres
--

ALTER TABLE ONLY public.django_admin_log
    ADD CONSTRAINT django_admin_log_pkey PRIMARY KEY (id);


--
-- TOC entry 3308 (class 2606 OID 16490)
-- Name: django_content_type django_content_type_app_label_model_76bd3d3b_uniq; Type: CONSTRAINT; Schema: public; Owner: postgres
--

ALTER TABLE ONLY public.django_content_type
    ADD CONSTRAINT django_content_type_app_label_model_76bd3d3b_uniq UNIQUE (app_label, model);


--
-- TOC entry 3310 (class 2606 OID 16492)
-- Name: django_content_type django_content_type_pkey; Type: CONSTRAINT; Schema: public; Owner: postgres
--

ALTER TABLE ONLY public.django_content_type
    ADD CONSTRAINT django_content_type_pkey PRIMARY KEY (id);


--
-- TOC entry 3312 (class 2606 OID 16494)
-- Name: django_migrations django_migrations_pkey; Type: CONSTRAINT; Schema: public; Owner: postgres
--

ALTER TABLE ONLY public.django_migrations
    ADD CONSTRAINT django_migrations_pkey PRIMARY KEY (id);


--
-- TOC entry 3315 (class 2606 OID 16496)
-- Name: django_session django_session_pkey; Type: CONSTRAINT; Schema: public; Owner: postgres
--

ALTER TABLE ONLY public.django_session
    ADD CONSTRAINT django_session_pkey PRIMARY KEY (session_key);


--
-- TOC entry 3318 (class 2606 OID 16498)
-- Name: store_attributename store_attributename_pkey; Type: CONSTRAINT; Schema: public; Owner: postgres
--

ALTER TABLE ONLY public.store_attributename
    ADD CONSTRAINT store_attributename_pkey PRIMARY KEY (id);


--
-- TOC entry 3321 (class 2606 OID 16500)
-- Name: store_category store_category_pkey; Type: CONSTRAINT; Schema: public; Owner: postgres
--

ALTER TABLE ONLY public.store_category
    ADD CONSTRAINT store_category_pkey PRIMARY KEY (id);


--
-- TOC entry 3324 (class 2606 OID 16502)
-- Name: store_category store_category_slug_key; Type: CONSTRAINT; Schema: public; Owner: postgres
--

ALTER TABLE ONLY public.store_category
    ADD CONSTRAINT store_category_slug_key UNIQUE (slug);


--
-- TOC entry 3332 (class 2606 OID 16504)
-- Name: store_customuser_groups store_customuser_groups_customuser_id_group_id_23393c5e_uniq; Type: CONSTRAINT; Schema: public; Owner: postgres
--

ALTER TABLE ONLY public.store_customuser_groups
    ADD CONSTRAINT store_customuser_groups_customuser_id_group_id_23393c5e_uniq UNIQUE (customuser_id, group_id);


--
-- TOC entry 3335 (class 2606 OID 16506)
-- Name: store_customuser_groups store_customuser_groups_pkey; Type: CONSTRAINT; Schema: public; Owner: postgres
--

ALTER TABLE ONLY public.store_customuser_groups
    ADD CONSTRAINT store_customuser_groups_pkey PRIMARY KEY (id);


--
-- TOC entry 3326 (class 2606 OID 16508)
-- Name: store_customuser store_customuser_pkey; Type: CONSTRAINT; Schema: public; Owner: postgres
--

ALTER TABLE ONLY public.store_customuser
    ADD CONSTRAINT store_customuser_pkey PRIMARY KEY (id);


--
-- TOC entry 3337 (class 2606 OID 16510)
-- Name: store_customuser_user_permissions store_customuser_user_pe_customuser_id_permission_1a1bbfaa_uniq; Type: CONSTRAINT; Schema: public; Owner: postgres
--

ALTER TABLE ONLY public.store_customuser_user_permissions
    ADD CONSTRAINT store_customuser_user_pe_customuser_id_permission_1a1bbfaa_uniq UNIQUE (customuser_id, permission_id);


--
-- TOC entry 3341 (class 2606 OID 16512)
-- Name: store_customuser_user_permissions store_customuser_user_permissions_pkey; Type: CONSTRAINT; Schema: public; Owner: postgres
--

ALTER TABLE ONLY public.store_customuser_user_permissions
    ADD CONSTRAINT store_customuser_user_permissions_pkey PRIMARY KEY (id);


--
-- TOC entry 3329 (class 2606 OID 16514)
-- Name: store_customuser store_customuser_username_key; Type: CONSTRAINT; Schema: public; Owner: postgres
--

ALTER TABLE ONLY public.store_customuser
    ADD CONSTRAINT store_customuser_username_key UNIQUE (username);


--
-- TOC entry 3343 (class 2606 OID 16516)
-- Name: store_distributor store_distributor_pkey; Type: CONSTRAINT; Schema: public; Owner: postgres
--

ALTER TABLE ONLY public.store_distributor
    ADD CONSTRAINT store_distributor_pkey PRIMARY KEY (id);


--
-- TOC entry 3345 (class 2606 OID 16518)
-- Name: store_distributor store_distributor_user_id_key; Type: CONSTRAINT; Schema: public; Owner: postgres
--

ALTER TABLE ONLY public.store_distributor
    ADD CONSTRAINT store_distributor_user_id_key UNIQUE (user_id);


--
-- TOC entry 3348 (class 2606 OID 16520)
-- Name: store_order store_order_pkey; Type: CONSTRAINT; Schema: public; Owner: postgres
--

ALTER TABLE ONLY public.store_order
    ADD CONSTRAINT store_order_pkey PRIMARY KEY (id);


--
-- TOC entry 3351 (class 2606 OID 16522)
-- Name: store_orderitem store_orderitem_pkey; Type: CONSTRAINT; Schema: public; Owner: postgres
--

ALTER TABLE ONLY public.store_orderitem
    ADD CONSTRAINT store_orderitem_pkey PRIMARY KEY (id);


--
-- TOC entry 3356 (class 2606 OID 16524)
-- Name: store_product store_product_pkey; Type: CONSTRAINT; Schema: public; Owner: postgres
--

ALTER TABLE ONLY public.store_product
    ADD CONSTRAINT store_product_pkey PRIMARY KEY (id);


--
-- TOC entry 3359 (class 2606 OID 16526)
-- Name: store_product store_product_sku_key; Type: CONSTRAINT; Schema: public; Owner: postgres
--

ALTER TABLE ONLY public.store_product
    ADD CONSTRAINT store_product_sku_key UNIQUE (ref);


--
-- TOC entry 3362 (class 2606 OID 16528)
-- Name: store_productattribute store_productattribute_pkey; Type: CONSTRAINT; Schema: public; Owner: postgres
--

ALTER TABLE ONLY public.store_productattribute
    ADD CONSTRAINT store_productattribute_pkey PRIMARY KEY (id);


--
-- TOC entry 3287 (class 1259 OID 16529)
-- Name: auth_group_name_a6ea08ec_like; Type: INDEX; Schema: public; Owner: postgres
--

CREATE INDEX auth_group_name_a6ea08ec_like ON public.auth_group USING btree (name varchar_pattern_ops);


--
-- TOC entry 3292 (class 1259 OID 16530)
-- Name: auth_group_permissions_group_id_b120cbf9; Type: INDEX; Schema: public; Owner: postgres
--

CREATE INDEX auth_group_permissions_group_id_b120cbf9 ON public.auth_group_permissions USING btree (group_id);


--
-- TOC entry 3295 (class 1259 OID 16531)
-- Name: auth_group_permissions_permission_id_84c5c92e; Type: INDEX; Schema: public; Owner: postgres
--

CREATE INDEX auth_group_permissions_permission_id_84c5c92e ON public.auth_group_permissions USING btree (permission_id);


--
-- TOC entry 3298 (class 1259 OID 16532)
-- Name: auth_permission_content_type_id_2f476e4b; Type: INDEX; Schema: public; Owner: postgres
--

CREATE INDEX auth_permission_content_type_id_2f476e4b ON public.auth_permission USING btree (content_type_id);


--
-- TOC entry 3303 (class 1259 OID 16533)
-- Name: django_admin_log_content_type_id_c4bce8eb; Type: INDEX; Schema: public; Owner: postgres
--

CREATE INDEX django_admin_log_content_type_id_c4bce8eb ON public.django_admin_log USING btree (content_type_id);


--
-- TOC entry 3306 (class 1259 OID 16534)
-- Name: django_admin_log_user_id_c564eba6; Type: INDEX; Schema: public; Owner: postgres
--

CREATE INDEX django_admin_log_user_id_c564eba6 ON public.django_admin_log USING btree (user_id);


--
-- TOC entry 3313 (class 1259 OID 16535)
-- Name: django_session_expire_date_a5c62663; Type: INDEX; Schema: public; Owner: postgres
--

CREATE INDEX django_session_expire_date_a5c62663 ON public.django_session USING btree (expire_date);


--
-- TOC entry 3316 (class 1259 OID 16536)
-- Name: django_session_session_key_c0390e0f_like; Type: INDEX; Schema: public; Owner: postgres
--

CREATE INDEX django_session_session_key_c0390e0f_like ON public.django_session USING btree (session_key varchar_pattern_ops);


--
-- TOC entry 3319 (class 1259 OID 16537)
-- Name: store_category_parent_id_a6e736ff; Type: INDEX; Schema: public; Owner: postgres
--

CREATE INDEX store_category_parent_id_a6e736ff ON public.store_category USING btree (parent_id);


--
-- TOC entry 3322 (class 1259 OID 16538)
-- Name: store_category_slug_2d349264_like; Type: INDEX; Schema: public; Owner: postgres
--

CREATE INDEX store_category_slug_2d349264_like ON public.store_category USING btree (slug varchar_pattern_ops);


--
-- TOC entry 3330 (class 1259 OID 16539)
-- Name: store_customuser_groups_customuser_id_43cfc1b5; Type: INDEX; Schema: public; Owner: postgres
--

CREATE INDEX store_customuser_groups_customuser_id_43cfc1b5 ON public.store_customuser_groups USING btree (customuser_id);


--
-- TOC entry 3333 (class 1259 OID 16540)
-- Name: store_customuser_groups_group_id_fef77dc1; Type: INDEX; Schema: public; Owner: postgres
--

CREATE INDEX store_customuser_groups_group_id_fef77dc1 ON public.store_customuser_groups USING btree (group_id);


--
-- TOC entry 3338 (class 1259 OID 16541)
-- Name: store_customuser_user_permissions_customuser_id_840e2c9f; Type: INDEX; Schema: public; Owner: postgres
--

CREATE INDEX store_customuser_user_permissions_customuser_id_840e2c9f ON public.store_customuser_user_permissions USING btree (customuser_id);


--
-- TOC entry 3339 (class 1259 OID 16542)
-- Name: store_customuser_user_permissions_permission_id_0a1c95d7; Type: INDEX; Schema: public; Owner: postgres
--

CREATE INDEX store_customuser_user_permissions_permission_id_0a1c95d7 ON public.store_customuser_user_permissions USING btree (permission_id);


--
-- TOC entry 3327 (class 1259 OID 16543)
-- Name: store_customuser_username_7249789d_like; Type: INDEX; Schema: public; Owner: postgres
--

CREATE INDEX store_customuser_username_7249789d_like ON public.store_customuser USING btree (username varchar_pattern_ops);


--
-- TOC entry 3346 (class 1259 OID 16544)
-- Name: store_order_customer_id_13d6d43e; Type: INDEX; Schema: public; Owner: postgres
--

CREATE INDEX store_order_customer_id_13d6d43e ON public.store_order USING btree (customer_id);


--
-- TOC entry 3349 (class 1259 OID 16545)
-- Name: store_orderitem_order_id_acf8722d; Type: INDEX; Schema: public; Owner: postgres
--

CREATE INDEX store_orderitem_order_id_acf8722d ON public.store_orderitem USING btree (order_id);


--
-- TOC entry 3352 (class 1259 OID 16546)
-- Name: store_orderitem_product_id_f2b098d4; Type: INDEX; Schema: public; Owner: postgres
--

CREATE INDEX store_orderitem_product_id_f2b098d4 ON public.store_orderitem USING btree (product_id);


--
-- TOC entry 3353 (class 1259 OID 16547)
-- Name: store_product_category_id_574bae65; Type: INDEX; Schema: public; Owner: postgres
--

CREATE INDEX store_product_category_id_574bae65 ON public.store_product USING btree (category_id);


--
-- TOC entry 3354 (class 1259 OID 16548)
-- Name: store_product_distributor_id_5325c696; Type: INDEX; Schema: public; Owner: postgres
--

CREATE INDEX store_product_distributor_id_5325c696 ON public.store_product USING btree (distributor_id);


--
-- TOC entry 3357 (class 1259 OID 16549)
-- Name: store_product_sku_842ee8ec_like; Type: INDEX; Schema: public; Owner: postgres
--

CREATE INDEX store_product_sku_842ee8ec_like ON public.store_product USING btree (ref varchar_pattern_ops);


--
-- TOC entry 3360 (class 1259 OID 16550)
-- Name: store_productattribute_attribute_id_6946ed77; Type: INDEX; Schema: public; Owner: postgres
--

CREATE INDEX store_productattribute_attribute_id_6946ed77 ON public.store_productattribute USING btree (attribute_id);


--
-- TOC entry 3363 (class 1259 OID 16551)
-- Name: store_productattribute_product_id_f990fa19; Type: INDEX; Schema: public; Owner: postgres
--

CREATE INDEX store_productattribute_product_id_f990fa19 ON public.store_productattribute USING btree (product_id);


--
-- TOC entry 3364 (class 2606 OID 16552)
-- Name: auth_group_permissions auth_group_permissio_permission_id_84c5c92e_fk_auth_perm; Type: FK CONSTRAINT; Schema: public; Owner: postgres
--

ALTER TABLE ONLY public.auth_group_permissions
    ADD CONSTRAINT auth_group_permissio_permission_id_84c5c92e_fk_auth_perm FOREIGN KEY (permission_id) REFERENCES public.auth_permission(id) DEFERRABLE INITIALLY DEFERRED;


--
-- TOC entry 3365 (class 2606 OID 16557)
-- Name: auth_group_permissions auth_group_permissions_group_id_b120cbf9_fk_auth_group_id; Type: FK CONSTRAINT; Schema: public; Owner: postgres
--

ALTER TABLE ONLY public.auth_group_permissions
    ADD CONSTRAINT auth_group_permissions_group_id_b120cbf9_fk_auth_group_id FOREIGN KEY (group_id) REFERENCES public.auth_group(id) DEFERRABLE INITIALLY DEFERRED;


--
-- TOC entry 3366 (class 2606 OID 16562)
-- Name: auth_permission auth_permission_content_type_id_2f476e4b_fk_django_co; Type: FK CONSTRAINT; Schema: public; Owner: postgres
--

ALTER TABLE ONLY public.auth_permission
    ADD CONSTRAINT auth_permission_content_type_id_2f476e4b_fk_django_co FOREIGN KEY (content_type_id) REFERENCES public.django_content_type(id) DEFERRABLE INITIALLY DEFERRED;


--
-- TOC entry 3367 (class 2606 OID 16567)
-- Name: django_admin_log django_admin_log_content_type_id_c4bce8eb_fk_django_co; Type: FK CONSTRAINT; Schema: public; Owner: postgres
--

ALTER TABLE ONLY public.django_admin_log
    ADD CONSTRAINT django_admin_log_content_type_id_c4bce8eb_fk_django_co FOREIGN KEY (content_type_id) REFERENCES public.django_content_type(id) DEFERRABLE INITIALLY DEFERRED;


--
-- TOC entry 3368 (class 2606 OID 16572)
-- Name: django_admin_log django_admin_log_user_id_c564eba6_fk_store_customuser_id; Type: FK CONSTRAINT; Schema: public; Owner: postgres
--

ALTER TABLE ONLY public.django_admin_log
    ADD CONSTRAINT django_admin_log_user_id_c564eba6_fk_store_customuser_id FOREIGN KEY (user_id) REFERENCES public.store_customuser(id) DEFERRABLE INITIALLY DEFERRED;


--
-- TOC entry 3369 (class 2606 OID 16577)
-- Name: store_category store_category_parent_id_a6e736ff_fk_store_category_id; Type: FK CONSTRAINT; Schema: public; Owner: postgres
--

ALTER TABLE ONLY public.store_category
    ADD CONSTRAINT store_category_parent_id_a6e736ff_fk_store_category_id FOREIGN KEY (parent_id) REFERENCES public.store_category(id) DEFERRABLE INITIALLY DEFERRED;


--
-- TOC entry 3370 (class 2606 OID 16582)
-- Name: store_customuser_groups store_customuser_gro_customuser_id_43cfc1b5_fk_store_cus; Type: FK CONSTRAINT; Schema: public; Owner: postgres
--

ALTER TABLE ONLY public.store_customuser_groups
    ADD CONSTRAINT store_customuser_gro_customuser_id_43cfc1b5_fk_store_cus FOREIGN KEY (customuser_id) REFERENCES public.store_customuser(id) DEFERRABLE INITIALLY DEFERRED;


--
-- TOC entry 3371 (class 2606 OID 16587)
-- Name: store_customuser_groups store_customuser_groups_group_id_fef77dc1_fk_auth_group_id; Type: FK CONSTRAINT; Schema: public; Owner: postgres
--

ALTER TABLE ONLY public.store_customuser_groups
    ADD CONSTRAINT store_customuser_groups_group_id_fef77dc1_fk_auth_group_id FOREIGN KEY (group_id) REFERENCES public.auth_group(id) DEFERRABLE INITIALLY DEFERRED;


--
-- TOC entry 3372 (class 2606 OID 16592)
-- Name: store_customuser_user_permissions store_customuser_use_customuser_id_840e2c9f_fk_store_cus; Type: FK CONSTRAINT; Schema: public; Owner: postgres
--

ALTER TABLE ONLY public.store_customuser_user_permissions
    ADD CONSTRAINT store_customuser_use_customuser_id_840e2c9f_fk_store_cus FOREIGN KEY (customuser_id) REFERENCES public.store_customuser(id) DEFERRABLE INITIALLY DEFERRED;


--
-- TOC entry 3373 (class 2606 OID 16597)
-- Name: store_customuser_user_permissions store_customuser_use_permission_id_0a1c95d7_fk_auth_perm; Type: FK CONSTRAINT; Schema: public; Owner: postgres
--

ALTER TABLE ONLY public.store_customuser_user_permissions
    ADD CONSTRAINT store_customuser_use_permission_id_0a1c95d7_fk_auth_perm FOREIGN KEY (permission_id) REFERENCES public.auth_permission(id) DEFERRABLE INITIALLY DEFERRED;


--
-- TOC entry 3374 (class 2606 OID 16602)
-- Name: store_distributor store_distributor_user_id_2df7e8f8_fk_store_customuser_id; Type: FK CONSTRAINT; Schema: public; Owner: postgres
--

ALTER TABLE ONLY public.store_distributor
    ADD CONSTRAINT store_distributor_user_id_2df7e8f8_fk_store_customuser_id FOREIGN KEY (user_id) REFERENCES public.store_customuser(id) DEFERRABLE INITIALLY DEFERRED;


--
-- TOC entry 3375 (class 2606 OID 16607)
-- Name: store_order store_order_customer_id_13d6d43e_fk_store_customuser_id; Type: FK CONSTRAINT; Schema: public; Owner: postgres
--

ALTER TABLE ONLY public.store_order
    ADD CONSTRAINT store_order_customer_id_13d6d43e_fk_store_customuser_id FOREIGN KEY (customer_id) REFERENCES public.store_customuser(id) DEFERRABLE INITIALLY DEFERRED;


--
-- TOC entry 3376 (class 2606 OID 16612)
-- Name: store_orderitem store_orderitem_order_id_acf8722d_fk_store_order_id; Type: FK CONSTRAINT; Schema: public; Owner: postgres
--

ALTER TABLE ONLY public.store_orderitem
    ADD CONSTRAINT store_orderitem_order_id_acf8722d_fk_store_order_id FOREIGN KEY (order_id) REFERENCES public.store_order(id) DEFERRABLE INITIALLY DEFERRED;


--
-- TOC entry 3377 (class 2606 OID 16617)
-- Name: store_orderitem store_orderitem_product_id_f2b098d4_fk_store_product_id; Type: FK CONSTRAINT; Schema: public; Owner: postgres
--

ALTER TABLE ONLY public.store_orderitem
    ADD CONSTRAINT store_orderitem_product_id_f2b098d4_fk_store_product_id FOREIGN KEY (product_id) REFERENCES public.store_product(id) DEFERRABLE INITIALLY DEFERRED;


--
-- TOC entry 3378 (class 2606 OID 16622)
-- Name: store_product store_product_category_id_574bae65_fk_store_category_id; Type: FK CONSTRAINT; Schema: public; Owner: postgres
--

ALTER TABLE ONLY public.store_product
    ADD CONSTRAINT store_product_category_id_574bae65_fk_store_category_id FOREIGN KEY (category_id) REFERENCES public.store_category(id) DEFERRABLE INITIALLY DEFERRED;


--
-- TOC entry 3379 (class 2606 OID 16627)
-- Name: store_product store_product_distributor_id_5325c696_fk_store_distributor_id; Type: FK CONSTRAINT; Schema: public; Owner: postgres
--

ALTER TABLE ONLY public.store_product
    ADD CONSTRAINT store_product_distributor_id_5325c696_fk_store_distributor_id FOREIGN KEY (distributor_id) REFERENCES public.store_distributor(id) DEFERRABLE INITIALLY DEFERRED;


--
-- TOC entry 3380 (class 2606 OID 16632)
-- Name: store_productattribute store_productattribu_attribute_id_6946ed77_fk_store_att; Type: FK CONSTRAINT; Schema: public; Owner: postgres
--

ALTER TABLE ONLY public.store_productattribute
    ADD CONSTRAINT store_productattribu_attribute_id_6946ed77_fk_store_att FOREIGN KEY (attribute_id) REFERENCES public.store_attributename(id) DEFERRABLE INITIALLY DEFERRED;


--
-- TOC entry 3381 (class 2606 OID 16637)
-- Name: store_productattribute store_productattribute_product_id_f990fa19_fk_store_product_id; Type: FK CONSTRAINT; Schema: public; Owner: postgres
--

ALTER TABLE ONLY public.store_productattribute
    ADD CONSTRAINT store_productattribute_product_id_f990fa19_fk_store_product_id FOREIGN KEY (product_id) REFERENCES public.store_product(id) DEFERRABLE INITIALLY DEFERRED;


-- Completed on 2024-12-13 08:58:57 UTC

--
-- PostgreSQL database dump complete
--

